Id,Class,split,image,unknown_ratio,quality,pixel_sha256
02IOCvYEy8mjiuAQHax3,6,val,images/val/class_6/02IOCvYEy8mjiuAQHax3.png,0.265869,normal,449fa795a04cd12eb2b6429a5bfc14cc42beeca5f18a765e99d7f9b670762ade
03nJaQV6K2ObICUmyWoR,6,train,images/train/class_6/03nJaQV6K2ObICUmyWoR.png,0.028175,normal,f56437be982f07ed0333ace04fd2672b404efc74570178adb71e2b9e34fa2485
05rJTUWYAKNegBk2wE8X,1,train,images/train/class_1/05rJTUWYAKNegBk2wE8X.png,0.054876,normal,b6081ff3ff2b5e79a225ec0c3a8f751997837ec8aa4c202341ef7677d70354fc
0B2RwKm6dq9fjUWDNIOa,9,test,images/test/class_9/0B2RwKm6dq9fjUWDNIOa.png,0.000321,normal,1a8c58886733d6647e7cf1ebfa66bc5acdd295b35f256699dcb729ba9c6dd98e
0DqUX5rkg3IbMY6BLGCE,1,val,images/val/class_1/0DqUX5rkg3IbMY6BLGCE.png,0.02382,normal,ce83e6670f7c5a1d9b41e8bad664414b34ab3fcf13e6bec1356f9d71488cd9a6
0EAdHtLDypMcwjTFJziC,2,test,images/test/class_2/0EAdHtLDypMcwjTFJziC.png,0.003227,normal,c1a14b5bcddfe101c01acd3a1837c0bdd5966e5cc308f35df97fe1228a2d9b79
0GKzFQ81IYXqUWkmfv26,3,test,images/test/class_3/0GKzFQ81IYXqUWkmfv26.png,0.636212,caution,7aac0aff857ae27937012d2ee544fba11a0319abd4340a2124cb0c44072375d6
0Hlm4XgE1cQhC6BkMays,2,train,images/train/class_2/0Hlm4XgE1cQhC6BkMays.png,0.004607,normal,3d867a3180286c5a090a34532ec3b2a50d8dc84d1e44f0f5300e4e99a9007765
0IAlcuEiP9G6epb71Oom,2,val,images/val/class_2/0IAlcuEiP9G6epb71Oom.png,0.005471,normal,4ec9eef700f59f3e83d91d5e7b07d851de893f3105f6490683f98055a76e0edd
0KgE6ksUeytoHfl2cT4r,7,train,images/train/class_7/0KgE6ksUeytoHfl2cT4r.png,0.99151,review,523eef8b7e8af8fa110676172c0cee7ed447ac4d645b7d2cd87326b09bac6a3c
0LQSi5wnRZ3muIs6Mx9E,2,train,images/train/class_2/0LQSi5wnRZ3muIs6Mx9E.png,0.010028,normal,0065b9af276ebb18abec4ce5836d5ba4b5a6eb00d0ecb14fbedd249f5bb3f144
0MmZ8j5pn2R3VG9wlxYi,6,train,images/train/class_6/0MmZ8j5pn2R3VG9wlxYi.png,0.029269,normal,53a3fbd84a7692e01c26964dd6f1ebc6ca9a44578df492dc9eb787f772fdadca
0P6tEopzr2mIhkuOKiCD,2,test,images/test/class_2/0P6tEopzr2mIhkuOKiCD.png,0.113168,normal,fd63e6778aee16c5711ad0e31aa05a1d14e52854c2d136914f7f8c32e171eb71
0QIZ6hemJLErWdFlGnCc,9,train,images/train/class_9/0QIZ6hemJLErWdFlGnCc.png,0.000275,normal,7d1b5833bc8f21ea28b314ee2bd64e24370ab9c47625da42e64c31610532b3d6
0Tw8aQsVxMlZgFDPUm21,8,test,images/test/class_8/0Tw8aQsVxMlZgFDPUm21.png,0.067446,normal,dec3df8963a4d63711a334f3127c20b841d5b7ee552bbf0904e4ba0af6533665
0X6U3SfcmbuZNodnH9qL,1,val,images/val/class_1/0X6U3SfcmbuZNodnH9qL.png,0.003074,review,e814421dadfeb71cb9ab8a20d87ca6953253b6cd572c000b83b91a10b8e7ef71
0gxJ1YmwFUvnOzoM8N53,2,train,images/train/class_2/0gxJ1YmwFUvnOzoM8N53.png,0.004178,normal,a09f6aca081f84f2cd6f5339b996a9319bca65c574295ebd5fa24c72370067c0
0hWRb28Umdgj7xcXOwtC,3,test,images/test/class_3/0hWRb28Umdgj7xcXOwtC.png,0.635756,caution,56e667f948e1ade6092ab8742000e0de55ecf1c960abaa590a70399dc642c95e
0kzRDUmBLHGd4YPj7hO6,3,test,images/test/class_3/0kzRDUmBLHGd4YPj7hO6.png,0.637937,caution,69535c586bc2980d981560d8b7a0048ba2399a749afb436f62d46808879611e8
0qjuDC7Rhx9rHkLlItAp,5,train,images/train/class_5/0qjuDC7Rhx9rHkLlItAp.png,0.636913,caution,401fa42d4a5c890f79648d3d37fe28e3158d182bb41e1bbeabbfdf064dc97b4d
0uZcAvaHLitbWmC1QMXf,2,val,images/val/class_2/0uZcAvaHLitbWmC1QMXf.png,0.008671,normal,0985112c42fb40d9c716ef5f40a9bfd5e67cd3340872cf61727a777cfe304285
0xfjbVBPYX1pSt4rdWOe,7,train,images/train/class_7/0xfjbVBPYX1pSt4rdWOe.png,0.296714,normal,96964e9aadbbbc8ea47cec9a060388b87588368ea87c49185815a20ace9ca59f
0zr6vIw74DgVSKXiRUY1,8,train,images/train/class_8/0zr6vIw74DgVSKXiRUY1.png,0.070943,normal,a5781d2720ed1f5a793d8fb57fa4a072663b7fa932628201fd09357716d4adeb
12TEseaJ4jnbyORqKxhf,1,train,images/train/class_1/12TEseaJ4jnbyORqKxhf.png,0.125939,normal,17f3954d4bb081c53cfdce13d4a6cd8116741a498431746f611e846c1295e7fc
16gDhwbZTRjLMO9zI5cX,3,train,images/train/class_3/16gDhwbZTRjLMO9zI5cX.png,0.658762,caution,b1c50890ad12c1f448e12fc9f52b17f5076078d0ca820676b7873314bdafea24
17aN50JFZXYrcAk2iCtG,3,train,images/train/class_3/17aN50JFZXYrcAk2iCtG.png,0.635775,caution,26e62a241393470257a214fef65ce00826b448b1fb50ac8c833f0aac9e3259a7
17kCoALmxaXpcNzd5KnE,3,train,images/train/class_3/17kCoALmxaXpcNzd5KnE.png,0.74235,caution,8f05bc6ebfdfb6af1f65da26d124cbb41f4f058dbd63645eefe99efa5980b320
18S9URJgMWqua2TZevsh,7,train,images/train/class_7/18S9URJgMWqua2TZevsh.png,0.992018,review,76de6e79575187c8e2f6600b0960b53323a9d5ed6591f982fe6d34b215239fd1
18te652nLyCi3IrZqMOJ,7,train,images/train/class_7/18te652nLyCi3IrZqMOJ.png,0.99242,review,1137a3b3e62e1723ee5195332bf1b24e308ec4e25fa8d0f34224ede345376159
1ARrSUKCbhWeTFyjp4ix,8,val,images/val/class_8/1ARrSUKCbhWeTFyjp4ix.png,0.067446,normal,da7d10fc4469fe1ff7dcec90b3a93c70b46f471de981f2bbcc04d717c675657b
1AXVt0D9mSU26fL4iFGc,1,train,images/train/class_1/1AXVt0D9mSU26fL4iFGc.png,0.323715,normal,906c4763a9e3bdc8182bdf5abf41a707306e276cb56f14842c9eea8af98412ec
1AhLOsNdHzDPfJrSXmQC,2,test,images/test/class_2/1AhLOsNdHzDPfJrSXmQC.png,0.00469,normal,f41d439ec7af578aaa72f5ce48fd36e445e91b5df5f39a5188d6aad24fac84ef
1CWtrEfORZDj7psmnToA,1,train,images/train/class_1/1CWtrEfORZDj7psmnToA.png,0.011109,review,05a1d0bd002ac557788b19fb0b97f64fd057c60db117ed50bb25e3eeaecdc346
1FAxSngsym35phwROGl0,7,train,images/train/class_7/1FAxSngsym35phwROGl0.png,0.99242,review,3d5abd1b57b34c7e1b784a5c1dad06debf0311f0ae7b875d94a46c37d689ed6d
1FacC02JPfxSdXeD7MEw,4,train,images/train/class_4/1FacC02JPfxSdXeD7MEw.png,0.169922,normal,a7bb9fd3e6626317c8359669c5ff38d6a6b4c911b1b5b99feefdaf3bcb75fdf6
1HFt83wrBnSQu7cP2WZy,9,test,images/test/class_9/1HFt83wrBnSQu7cP2WZy.png,0.001475,normal,d71f466b383d11849526021ee2aa0d29259194d6e7f014cee9d6ab91e94963a9
1IpWLz6eyhVxDAfQMKEd,5,test,images/test/class_5/1IpWLz6eyhVxDAfQMKEd.png,0.653331,caution,fb4d307332c4abac8727744ae3dce0450e613f419be46809fb005d70ad4ad2e0
1JiaRhjycfZb8BpmX4TM,8,test,images/test/class_8/1JiaRhjycfZb8BpmX4TM.png,0.070943,normal,a52ea4545cda22d07399560a65575596cbe797f0962bce06d6f68f5235864b78
1KB3Z7gd5aN4Xmx8W0sf,5,train,images/train/class_5/1KB3Z7gd5aN4Xmx8W0sf.png,0.889622,caution,572dbfadd826b559318ded7e66f0c5d0b5e544b8209c828482c6c4872d6d0392
1KjZ4An78sOytkzgRL0E,7,train,images/train/class_7/1KjZ4An78sOytkzgRL0E.png,0.99242,review,1a3aaa78b39ba5df16a2214d4e91462b0d8b5360b4dcefd4062f28146d995d5e
1OHzGWXBTlpyVsIPK3kj,1,train,images/train/class_1/1OHzGWXBTlpyVsIPK3kj.png,0.107585,normal,de588782d4a25474e4bf520453e07fabd01a43c68ccddf3a3079eaa097678675
1SVleInitNjxByvsFbdm,9,train,images/train/class_9/1SVleInitNjxByvsFbdm.png,0.002456,normal,00db31034d55cd0e81b46fce4ead9b1d1c1388ca72eb68a8ecef45c04b122f18
1TLN456WuaqCsDr9pv0z,2,train,images/train/class_2/1TLN456WuaqCsDr9pv0z.png,0.004761,normal,19426035cbd83078241e48259c9a9b1358e978b9f6b59fc52c527c0254b9cd2b
1Ue6El4YDMXcVmBsqkoF,8,train,images/train/class_8/1Ue6El4YDMXcVmBsqkoF.png,0.070943,normal,d0a3f240da3a12407f3f629ddd1d216faf6a217b554e8898a2f72642627bc80f
1aAwe4J9VHrsq8uEoZhf,1,train,images/train/class_1/1aAwe4J9VHrsq8uEoZhf.png,0.056005,normal,4958a899926c8b6e160ebbd6beca2214a43e51a4a424cfc76977f22680c254f2
1ckp5Ye83yzjIilWQCfm,1,train,images/train/class_1/1ckp5Ye83yzjIilWQCfm.png,0.021532,normal,673ab9a3cbf0ec303e0c6e97e44a246d27595132707b58c9e1a6de9245e87497
1esMpo6SAPHiTUGEb3Bt,8,train,images/train/class_8/1esMpo6SAPHiTUGEb3Bt.png,0.070943,normal,9b8b526ae3e992d879d342ca9160e117c1b0a27b1be33f3b6d5b8613b14b9934
1gQDa4l9cNBbkO7n5IY0,1,train,images/train/class_1/1gQDa4l9cNBbkO7n5IY0.png,0.058937,normal,174306de335837fd0aa310b4d82726aa6682bb2b799aad1152ec9ca9019998f8
1i2SThtkCGEplHeoJxqI,6,train,images/train/class_6/1i2SThtkCGEplHeoJxqI.png,0.011839,normal,89e5b1cd2166be29e17aa0de96d3de0ef60eebc4e63d8de9e54567b54a6fc153
1iWTJCzlSZgempU2xf04,7,test,images/test/class_7/1iWTJCzlSZgempU2xf04.png,0.991189,review,60cb4e5c164b730c9acc757385b0a6487089495f8b7d5c2b9b798715e402f7b3
1jinhWv67o4ODebAw5Q2,7,train,images/train/class_7/1jinhWv67o4ODebAw5Q2.png,0.99242,review,991ec1622bef9bfb808ae4bcd7fc3deeb91a29a7ede1f32af97f0c1ffc4ba713
1nLqk0H5NYdR4OiJ6mob,7,train,images/train/class_7/1nLqk0H5NYdR4OiJ6mob.png,0.99242,review,eedc064238445d3d9bebe538b16616bb14cfa6e78851632f80ab933c79db7ce4
1rbXZBI9R3EleQDH74Sk,2,train,images/train/class_2/1rbXZBI9R3EleQDH74Sk.png,0.134465,normal,3ce137a90a13c94f7148eed8cbb1bae07d38dbfd77fc571ee3730d722a685845
1sOzen4EwI3a2UkSJmT5,8,train,images/train/class_8/1sOzen4EwI3a2UkSJmT5.png,0.067446,normal,bd96cb594aa847ab0f77b2b1786bf557beaa2e0548a039eb1e15cc9d1177dde0
1uCWzmkyoKRNPS4XHcnf,3,train,images/train/class_3/1uCWzmkyoKRNPS4XHcnf.png,0.661561,caution,a31369cbe725b1546056eb6012a6b7d52eadefcd056e18a1ec93a02713f34025
279EOCqmnPGMfixzTuwJ,3,train,images/train/class_3/279EOCqmnPGMfixzTuwJ.png,0.635993,caution,3344c9946a7f7ba92f3caf0179345a0cf14cae55990cffefe724f1711da99e37
283STBsQaI7Pw9qf0tjy,2,val,images/val/class_2/283STBsQaI7Pw9qf0tjy.png,0.154925,normal,ed34765aab5a95b994f6364da51b428e0a6568b0ae550cbc1ad642bf8b4dbae0
2ITFtqynN5lOsP378RaC,3,train,images/train/class_3/2ITFtqynN5lOsP378RaC.png,0.655661,caution,d63449422ea7794f452152896e85758b93a825a4d2a36cbc116fa17000f3b282
2O8w7LMDfCgRhnvNuetV,2,test,images/test/class_2/2O8w7LMDfCgRhnvNuetV.png,0.002713,normal,20ba72ce30d3ea9c4251901aad84db0f8a630c6ffb017ffb70d2f4e689ed672d
2SWx845krYqTjzQGstVZ,8,train,images/train/class_8/2SWx845krYqTjzQGstVZ.png,0.583425,caution,5ba31fce67d86dfb805a24d14353a06593ea26b0b9468736dd49069c4a76fabe
2UBy1ZDIiOxJHNnX35Mf,7,val,images/val/class_7/2UBy1ZDIiOxJHNnX35Mf.png,0.992462,review,78e9725c0d030cdabb4fd16168c35df7902e055329ed489b2246abf7ae00858f
2VhINMP4oKmsnjZkY38U,4,train,images/train/class_4/2VhINMP4oKmsnjZkY38U.png,0.45552,normal,14c68c878e97dc259d314731fcaa81b8153d460fa11d5cdacba67c7b2289f075
2XoqdSMTgrZKACjPynfW,3,train,images/train/class_3/2XoqdSMTgrZKACjPynfW.png,0.636649,caution,2739c80137c9d36dc685b7d5e91747d6e65de5382aa7983fadbbce4c7c4e6be5
2aHfrLhcPTj5GnFZXUCN,5,train,images/train/class_5/2aHfrLhcPTj5GnFZXUCN.png,0.750901,caution,d859348e9813ba04b1bb9d4f53d5cd2ccc2cd46a8f8a457c8988300efea1635f
2bZlmksaBHeNDVnf9PRx,8,train,images/train/class_8/2bZlmksaBHeNDVnf9PRx.png,0.067446,normal,76514fa82f9d0dfd03faa6bbc58274b7749f08d393165c8af78452472854a5ac
2fmDnKjO0Ev1VYc4MhPs,3,test,images/test/class_3/2fmDnKjO0Ev1VYc4MhPs.png,0.638374,caution,5c25a07d6bd28abfa193c3c5462d86e5d744207acb9095ad43843fc622c78b35
2g4C03AeqoZR6ctiF1Qr,4,train,images/train/class_4/2g4C03AeqoZR6ctiF1Qr.png,0.549255,caution,0632598b58044c4439dd433d56f370f308258bbeb353ebe6a74385c6962e0090
2g9xU7Md0IsoLb5f4QPR,6,train,images/train/class_6/2g9xU7Md0IsoLb5f4QPR.png,0.001245,normal,d112d15ab3f59a40182a2f3e15582d2f9b409ccdf5152f27c737a7927f00fed5
2i5N9Ftj3xoySflKzbAC,9,val,images/val/class_9/2i5N9Ftj3xoySflKzbAC.png,0.68758,caution,1a1fc1b391b74df403be212c4ee121aaede694b190530ab66b8858268dcefc43
2mYSX6J9Dd5lkpLuNMc8,4,train,images/train/class_4/2mYSX6J9Dd5lkpLuNMc8.png,0.54486,caution,47001d1e447fae988e3c10a3611996f0822846dd62fe96c09fbaa17dbe7f957e
2naY3OZxS1g8HTqE07ew,9,val,images/val/class_9/2naY3OZxS1g8HTqE07ew.png,0.000952,normal,6337f730bb9e65364335aeb3ec43bd3313aa1c30073505a545cef554ed36e1ad
2oM4SOUtRKpCVxlXEmeN,3,train,images/train/class_3/2oM4SOUtRKpCVxlXEmeN.png,0.636867,caution,d8b1869ff0f46a48563157ec52ad40b0f1f8e927fb8a514df07cde86b1bbd100
2pwjzv6eGEb8QmHPfxSc,5,train,images/train/class_5/2pwjzv6eGEb8QmHPfxSc.png,0.215459,normal,39c438ca6fdf7da472019de7930ebfe90c3b03e41d0b8149bacf432257c80b53
2qAtoGOuMQZdmH3y7bEY,5,train,images/train/class_5/2qAtoGOuMQZdmH3y7bEY.png,0.818276,caution,4004ab5a0922ab9cef9cb42e32304edd7e474d5e4a206e825a6d678786ab2f28
2r0UYLcKCxnRovpj5dlQ,7,train,images/train/class_7/2r0UYLcKCxnRovpj5dlQ.png,0.002474,review,148e20e9683e12b5728d500a935f1c329fdf128384e6bf74a68a3b94e205d2ec
2wyvEnXdNFbxaAWr1Dok,8,train,images/train/class_8/2wyvEnXdNFbxaAWr1Dok.png,0.644374,caution,3af090e62eb166e594b452060dcb3eae65868461ad035202e5112cebad4c9b9c
2xlhAE5LO8RFfczB6ep3,7,val,images/val/class_7/2xlhAE5LO8RFfczB6ep3.png,0.99242,review,7cd36e1437f63a92656982f435796356f03c476ef7ea0f357232a4d9b8307e3b
2xysDc6OgM8z9KJ0A43P,8,train,images/train/class_8/2xysDc6OgM8z9KJ0A43P.png,0.727894,caution,b048544fb39b3e13dc86d719372bbb90f98f27bfd38ef8e9f387751ba22a4d66
2zsVAYPQrf3GFoD5JhC0,3,train,images/train/class_3/2zsVAYPQrf3GFoD5JhC0.png,0.485961,normal,dd29ed4a0cce33add0bb9911dcde277973e6c7d18dfd524b286e031aa6cc7af1
31lyTKsufPDUhgebwzQm,3,train,images/train/class_3/31lyTKsufPDUhgebwzQm.png,0.637086,caution,54d14784ab8e3e25509a95f9138910ae2547a8cdce3a6c87b5c98b2dbbe09574
35dbDR8KSIwZNAPlcgTi,7,val,images/val/class_7/35dbDR8KSIwZNAPlcgTi.png,0.994799,review,7211b803e1f49ec4ecbe72132abf3c205fd9e883b6613e22737da68dbc6355f7
36mPaSFkA7gVLnCbhqTt,8,train,images/train/class_8/36mPaSFkA7gVLnCbhqTt.png,0.070943,normal,36fd2854805bcc47f8bf68d1b211d8c065cc8c1409c45f09f33123ba7cc75aa0
36zPKsYmJc8wOiEqStFN,2,train,images/train/class_2/36zPKsYmJc8wOiEqStFN.png,0.004642,normal,e78b50a643d68f59847961e6d316588f6747cfadfa0627ed81113b5143b51a53
39YX8jkenM2UHOvCRDq5,9,train,images/train/class_9/39YX8jkenM2UHOvCRDq5.png,0.0065,normal,df4d5563af56bd60b830fcd5fc8e01ce83bf684d59c881036f2c1c0eba57ae34
3AnwI4dqXDW8PQ7ijCKm,1,train,images/train/class_1/3AnwI4dqXDW8PQ7ijCKm.png,0.154134,normal,b78c5dc0c96cc5d596b2a8863c2523a386ab33b7b56f1b9d669f8b8d9da4a91b
3ESs1rk0uyp9wlGgFaKj,9,train,images/train/class_9/3ESs1rk0uyp9wlGgFaKj.png,0.006781,normal,0e199b234f2bb0735ce12d0101033a9dea48b8a5504be918243a97201bfa92af
3Fc2OQgjnfUebXqh5HWp,8,test,images/test/class_8/3Fc2OQgjnfUebXqh5HWp.png,0.070943,normal,808066779e5b10683cc7e6a591b01ad988f87ee49f0a21d3f5b648705706d4db
3Fq0zG8mAv7H6O9nSyuj,2,train,images/train/class_2/3Fq0zG8mAv7H6O9nSyuj.png,0.002983,normal,51327895e07282f024bdf9ea7f4752313708a2bee050e06ce4a90ff4fac2e743
3Fv8npJNEqWBSmi6OxXw,3,train,images/train/class_3/3Fv8npJNEqWBSmi6OxXw.png,0.635993,caution,d5edd4272cbd618c5d3dd1f5ef570605ad7b09bff5fd3a19faa91ab939ef0ef9
3FzBIgOhHKlnYspCXWLa,3,test,images/test/class_3/3FzBIgOhHKlnYspCXWLa.png,0.637741,caution,82472a3621bb190c7bafd9d627405d386f7e400ececeba506ea87029a5fe296d
3OnykHo5geP1NAf6WVIw,9,train,images/train/class_9/3OnykHo5geP1NAf6WVIw.png,0.00039,normal,71ba4435586ea353f23e817feafee49157a9083cfe9afd352dc0227482684c24
3Q8Wvm1ceyOhSajNdCUb,4,train,images/train/class_4/3Q8Wvm1ceyOhSajNdCUb.png,0.558451,caution,3447042ebcd6935d4931030c7eb19c0238aa9dd6a23395a4c76e1826b3f7d958
3RiBw0ntobeCh5VEQrY1,4,train,images/train/class_4/3RiBw0ntobeCh5VEQrY1.png,0.387673,normal,de1186e3dde71880f8b31b895000f6eb359fa07364081a6f863bb06720bf6ab1
3dstJNajYRkxEV4g0nA6,3,test,images/test/class_3/3dstJNajYRkxEV4g0nA6.png,0.635993,caution,a6cde74f3e7797daa6c8ba8cf7093cb4a7bd8e4a75c2561681669c53e0053978
3f0X7rvJBx4RQSbUcT15,2,train,images/train/class_2/3f0X7rvJBx4RQSbUcT15.png,0.006802,normal,0bdcad23ce0b85b0947fa74680d4d14fd76e164d4e200d518a102ff20f9bbb99
3m8kb5ILPrHcMC1o9Nht,5,train,images/train/class_5/3m8kb5ILPrHcMC1o9Nht.png,0.788182,caution,b33826677eeaff332bd775386d1b92e38f00e2830b4a2a4a00c4a0444e560ed6
3mpsxg2FODqCAXHbMKPi,7,train,images/train/class_7/3mpsxg2FODqCAXHbMKPi.png,0.99151,review,c3ff204ad4042ae70f7e2f0dee7b0c46ff5e5b3ecf131e35e60945ae0dfd83e8
3x9R8E6Gv5JhDda2eoq4,3,train,images/train/class_3/3x9R8E6Gv5JhDda2eoq4.png,0.638374,caution,7caba040de0456d5b27158780c4886d669645555c181259c7cdfbb4eb1ea4e10
3yHaDhqlkp67fzMQAgxc,1,train,images/train/class_1/3yHaDhqlkp67fzMQAgxc.png,0.042471,normal,eb6f031129e62cd328f116870c44028e762e69f352ed88715842a97e5b8d32e9
3zZpqyclD9B2v5Qas18m,5,train,images/train/class_5/3zZpqyclD9B2v5Qas18m.png,0.897407,caution,895adce051a5f7fb5e212f1aba10723b87a921c6657b90028bf65314462012ba
40KRbGeQZ8PwcUgt5joa,5,train,images/train/class_5/40KRbGeQZ8PwcUgt5joa.png,0.51271,caution,5e13cec5e5f96d5e3fec86915e222313ebff65a3a29b91b03418031d300aadd6
40Mg1k2UlPuQcsEotIej,9,train,images/train/class_9/40Mg1k2UlPuQcsEotIej.png,0.007614,normal,5317079f28093cdb158a5b41a847b73c5516befa26d7669071168c328ddcb429
4AuqM30HyOajgr8SleRL,4,val,images/val/class_4/4AuqM30HyOajgr8SleRL.png,0.540058,caution,b4789cba91259f65af1010315e1f67a6264bc29640b0b7b17be6ba1ca1db9711
4EkPyotphi7jl8g3r2JH,8,train,images/train/class_8/4EkPyotphi7jl8g3r2JH.png,0.067446,normal,5cec8fcee96d789a2a4a93f0ebda0a19dc5d0c4682b87faf1f05cde9f697ded5
4Eo8QvuZFWCBR6i0rhs7,7,train,images/train/class_7/4Eo8QvuZFWCBR6i0rhs7.png,0.99242,review,9a6f7c0d78e03cab428ca06df31badc40654c0e5b2398b3e65bebc85b59c83c7
4FdKAHtfpGS1hCjgyNJo,8,train,images/train/class_8/4FdKAHtfpGS1hCjgyNJo.png,0.070943,normal,20594cb92a23d4fff3bb4dfb65337ada7b8dfcfa9cc6002816ba53e69b2a9f4f
4GUJ7HBXO8I56WyRSMQd,4,val,images/val/class_4/4GUJ7HBXO8I56WyRSMQd.png,0.535293,caution,538b2c76cde41919d95a2bceb5666c1df23fffc3418b8155079679950b561fcb
4PIo3NbSDfGxFc8gQ9M0,6,train,images/train/class_6/4PIo3NbSDfGxFc8gQ9M0.png,0.035241,normal,75bf010c7913507ffad1149e9f0520f42d39c11dc2fbccec8f4c495096507b61
4UTMdcZkxzLvwygO8EuK,5,train,images/train/class_5/4UTMdcZkxzLvwygO8EuK.png,0.885421,caution,4af579ea1719c65dc2452d3ed68620240d40cead3eaab0faca7399ea984f5459
4YUVqM7twOzoH2ABPJIi,7,train,images/train/class_7/4YUVqM7twOzoH2ABPJIi.png,0.992018,review,3e69b6c43906eb40e10b6193f000189f08b1bf9beb312cd4bc8c286f8ab719f6
4ZVUhT8gufvReG2XS51w,8,train,images/train/class_8/4ZVUhT8gufvReG2XS51w.png,0.070943,normal,99d69746fe0f6f93ec34be59799d777f75bd073ceaf275f07b6785adf8303a56
4aMbnHlA9es8vKmOFR2Z,4,train,images/train/class_4/4aMbnHlA9es8vKmOFR2Z.png,0.273682,normal,5f509ce234d4ee636a0f4e6c63f03fce61d233792160de22019139e1f98c5989
4g2UZv3nOGWbTCiptDsQ,1,train,images/train/class_1/4g2UZv3nOGWbTCiptDsQ.png,0.002287,normal,4ca21dc546ff4a686cd51b701746ec0770ef5a5f7182ea6fe12d22edcbdfefc7
4j5ZXQI3ghezluq1snEp,4,train,images/train/class_4/4j5ZXQI3ghezluq1snEp.png,0.289347,normal,2ba282309844317020fc9f2189731670314f0c7cc98faca27081ff5c8fffd967
4ng9zuri2Dtm5H8INwxF,9,test,images/test/class_9/4ng9zuri2Dtm5H8INwxF.png,0.002495,normal,155dd5f783a88a8318ff062c2d1499b2b4a43cbd1e75102f789c26aa3e5b5e30
4pLtjmWkx3OYwiADERhg,2,train,images/train/class_2/4pLtjmWkx3OYwiADERhg.png,0.00944,normal,d6d2fe6e375c59bef0c605bfe9ffd4e434e7c6523d60c201a060cd711df76fb9
4suKxkVWNqFQZLB5UfXD,4,train,images/train/class_4/4suKxkVWNqFQZLB5UfXD.png,0.542484,caution,f749081836e1048f17787d300f9e7a8a52b1b09658dfe39b74595ba9b4c80e89
4txzUmCskIHWrpBgLZM0,3,test,images/test/class_3/4txzUmCskIHWrpBgLZM0.png,0.638374,caution,f894940dacf52af93640ebe484c140e0f729d4dba45ec0e7888d0fcb4fce9e9d
4vawJkZpDqzSU0FrANOm,3,train,images/train/class_3/4vawJkZpDqzSU0FrANOm.png,0.636212,caution,df0991e3e58c363a894f0435b56b912a8f957e911aeced08b4104173c663edb9
52HWtsPqbBSn0awgkhTe,8,val,images/val/class_8/52HWtsPqbBSn0awgkhTe.png,0.067446,normal,4b392fa705948ee399841f26e5e0bc6fda2ccacf2b0d4231b5d8836146d75896
57Y1sP8cgERT6OQyCJjN,9,train,images/train/class_9/57Y1sP8cgERT6OQyCJjN.png,0.022654,normal,223ff56ccff6cec36c119b12adb25b371ef33dc8f4cd9572a3a8389e0bae262a
57aolZC6XSxqr2HiGsfV,7,val,images/val/class_7/57aolZC6XSxqr2HiGsfV.png,0.99242,review,6e68b1950191713d027a0cd469b57701d427c04c593189f4ef6818bc72142713
57v6nKMC8lhLV34je2RW,2,train,images/train/class_2/57v6nKMC8lhLV34je2RW.png,0.005455,normal,9f7bac6a1d6033a0e40f6f933af275844582af3cf81f1c99b849f32208738c9c
58BJu4mOfakNI1n9jKDV,2,train,images/train/class_2/58BJu4mOfakNI1n9jKDV.png,0.002737,normal,9af6aa767726ae2214c2b6efefda219871a00b461800671078e5f104dd693bef
5EVhC0IMi1dNb7TtgxRa,7,train,images/train/class_7/5EVhC0IMi1dNb7TtgxRa.png,0.994799,review,b413fa89015ff294180b595c5efe5f8a55f2168a011eec67cc68233b455c0a1c
5FPfjxgv1adyEpBKGRqN,2,train,images/train/class_2/5FPfjxgv1adyEpBKGRqN.png,0.007279,normal,be70d7bab7fc7537b140847d47e8bffb48bbdbe6e6f075eda19e018d201e3d59
5JLHiDhkzyYPdTeuMqXb,4,train,images/train/class_4/5JLHiDhkzyYPdTeuMqXb.png,0.467582,normal,258eee1bf389a0465863074feedfe9ed02bcb0055d21e454908c74ff1c402a6b
5KZSxj8gGDcdu1bs0v76,1,train,images/train/class_1/5KZSxj8gGDcdu1bs0v76.png,0.01254,normal,c804ad8151372fb8a5d1c82e6e9a2d4c39def3d9b0937ccf5e73984c2b88c79e
5Kj6AhNFgwEU9aeCXTOy,6,train,images/train/class_6/5Kj6AhNFgwEU9aeCXTOy.png,0.138791,normal,7ede37cdc9c1b82e3d3666958be093cf3d7f1a12294b170572d7ee55543b44ac
5LFfKQjM4c1TNgmrEHpX,6,train,images/train/class_6/5LFfKQjM4c1TNgmrEHpX.png,0.040381,normal,997a353fd6a44fbd1d8b87d37f2f8dbc128fc4779f74246b1dc4634fab710777
5LaoOiqj82w0uQpWzDSf,9,train,images/train/class_9/5LaoOiqj82w0uQpWzDSf.png,0.002263,normal,2487cde6d6e0fc2d86b1b8a8e4c3b6b84f5e8d13b28904a324a15c099a07b2db
5MrYiQtEc4lwyBRWh8GJ,6,test,images/test/class_6/5MrYiQtEc4lwyBRWh8GJ.png,0.047783,normal,f73c4e53bdbcf00bdc36e47f9ac33f2dc77e136aeb3896b74eacc6b50a18b3d3
5QEDgGFSnVXWJLxUouBP,2,train,images/train/class_2/5QEDgGFSnVXWJLxUouBP.png,0.006475,normal,a1ab1280cb7e4c52724defa899834ca8344d8bf0a08c08ef087c993e33979ae9
5Su9y2pdWjXihsICkxUF,1,test,images/test/class_1/5Su9y2pdWjXihsICkxUF.png,0.059849,normal,de85e3ce21a1e763da97a775b145b37b4fcdd83802a7692822e43b47872028a5
5VxRKX4N9ShuDZsqFepk,9,train,images/train/class_9/5VxRKX4N9ShuDZsqFepk.png,0.001885,normal,16ab3944112214b92564252cb4b5bbc51cf1b8a08af05e7889629c1c032fd41f
5b6L7AeCpaJPYZX4Wqjf,8,train,images/train/class_8/5b6L7AeCpaJPYZX4Wqjf.png,0.070943,normal,78fa05399ca47b7078d74e41f30c272ebbcfedb2d2f1859bcc565fba3095599e
5drRtkhwUeEg1WyBCXnF,9,train,images/train/class_9/5drRtkhwUeEg1WyBCXnF.png,0.007499,normal,9a0c3867e67f1272eb1061aee04388a6ed032d145c4b474991a63bd93e123d7b
5iTN1hBtkRDLcF7JZYns,2,train,images/train/class_2/5iTN1hBtkRDLcF7JZYns.png,0.007153,normal,c0b00253841fc942f25876e9f9934ec2fda1b57f371516c8168439dbabdf426f
5mFA9kajVz67sSR8YNGL,1,train,images/train/class_1/5mFA9kajVz67sSR8YNGL.png,0.045654,normal,565ac544126064789c9d45e3e0295e686c4862a561204597761e6849f34d4ea7
5mTjuSpdDG8k1IBHaPqY,7,train,images/train/class_7/5mTjuSpdDG8k1IBHaPqY.png,0.992462,review,c7d9d4bbacfcf5f66456ef25250b8033f606fdac49ba2b931ba6fc39382cc23b
5pwP8bUu32gVJDrRCIcL,3,train,images/train/class_3/5pwP8bUu32gVJDrRCIcL.png,0.635338,caution,22618d9e95f9cab80bbad8a9d83c0f9cb6e2da35c2b75d36b06eeb658a5d4728
5tMCNKDogQ2x7zwUbpcZ,5,train,images/train/class_5/5tMCNKDogQ2x7zwUbpcZ.png,0.854226,caution,bae13cb41edff454041a27f003389c9316b68de5bdc02de00acedf051ab5dd3d
5yeOrl2fKasq6BnStQ4G,2,train,images/train/class_2/5yeOrl2fKasq6BnStQ4G.png,0.058152,normal,346bc4b1fcf6f604289a435f770f209c8d67c1c6963201d82b89353f4f6c3fd1
60DUJgelq3snQhyT5bxm,3,train,images/train/class_3/60DUJgelq3snQhyT5bxm.png,0.635993,caution,46d1f5ec5cc187098b957f3afb4a252f55d80c92d79daef95636c46b7645ad4d
61rgpy8Dx9SR4WBzaPtm,9,train,images/train/class_9/61rgpy8Dx9SR4WBzaPtm.png,0.566453,caution,b49cf0e66807267720d903ca6e0f94bcb7e69f810cd59205e9589118efc34b19
65DnqP94QNtxbAHo1ucL,3,train,images/train/class_3/65DnqP94QNtxbAHo1ucL.png,0.636649,caution,8bfd41a56443f89d76ef340762633b1dd209dcbfe12375c28995d429f7c9f8b9
65fRYHjJXpsLZdb8WFuy,2,val,images/val/class_2/65fRYHjJXpsLZdb8WFuy.png,0.039812,normal,1b4a07e35102a736ad237f498f7e4662191610aea71616e14602ada6dcfee988
670isB8fzGbAXI3HmUoF,7,train,images/train/class_7/670isB8fzGbAXI3HmUoF.png,0.99242,review,0d650c10047b7360f805f364d20ccbd9dbb49d9ee7d977b018dc7c80b5eb07e3
697TFDm0KRiZIgB4pJG1,7,val,images/val/class_7/697TFDm0KRiZIgB4pJG1.png,0.99242,review,6012dff11c47c8fe2f3023017d8707e09fa21c14b5892d58115eae1c027a978e
6Cvyc7zMbZq5DfJprmXP,2,train,images/train/class_2/6Cvyc7zMbZq5DfJprmXP.png,0.006072,normal,c0069823d647f29c9333a4ca9c3c5f78d08cbbbcbdce471a032d64f41994f6fd
6Gl3BHUfNtrFQv5YJOym,6,train,images/train/class_6/6Gl3BHUfNtrFQv5YJOym.png,0.597563,caution,6faa540f8f28dbde671fc424fa304e125fd08c090654fde0b28e7c5a2cf99469
6HdwDkgvEnNh9cqlyfR7,4,train,images/train/class_4/6HdwDkgvEnNh9cqlyfR7.png,0.524731,caution,28fe6a4cec875717447eea16d97215cb4713df91fc1bf7f30240cb3d3ed273ca
6JIAcqDxegQoLzdNM91w,4,test,images/test/class_4/6JIAcqDxegQoLzdNM91w.png,0.353156,normal,aee74e4dd6469135e64ebaa6034137af72ecc76a34c4441ff5ad5585ea4600a9
6JcOPhsUjbfXgnoQaHyN,6,train,images/train/class_6/6JcOPhsUjbfXgnoQaHyN.png,0.002358,normal,287724a4b651d68b43bfe306bdeeaa0cba553d1e8619b1eff20383b1619cfcd5
6McvAWZj4285L7XPrwnE,7,train,images/train/class_7/6McvAWZj4285L7XPrwnE.png,0.992334,review,02b778aead5fffd84e2e7d505e618fc4a4aa130d7dfbc884d2fa645bc1f5605c
6SMZ0wGN2p3hv9rFEVcb,1,train,images/train/class_1/6SMZ0wGN2p3hv9rFEVcb.png,0.070036,normal,914aaf0c0bbf3b8adba351c344368900376de1001ab45749ada73e81668012e9
6VNXsCD0lueo1nw3KO5M,4,train,images/train/class_4/6VNXsCD0lueo1nw3KO5M.png,0.526361,caution,ddcfe816bde23a8eb681ee6e1b98c9debadd60f122b3d3718d556990a1698a60
6WauKLy80DTdQf5hjZx7,2,train,images/train/class_2/6WauKLy80DTdQf5hjZx7.png,0.009044,normal,5248a1e4c1732d1e2097e732c9fad9aa7fca139f43af4531eb15ad55d5fd78ce
6XvS9xbnOsJKrGL30NZM,4,train,images/train/class_4/6XvS9xbnOsJKrGL30NZM.png,0.531409,caution,9c6f061f8aed3ec4279a5c7128001ace0cdd5ab4a285cc4a6d9e6e5814e70dd1
6cYUST29aReytkJO4zXi,4,val,images/val/class_4/6cYUST29aReytkJO4zXi.png,0.154871,normal,dfb65ad28d2c2a8b68c6d18f60c698622feb463ee0fb7295e817a30d39bba300
6cdHfleOSjY0BJxUZNMP,9,test,images/test/class_9/6cdHfleOSjY0BJxUZNMP.png,0.007297,normal,821ccbbbe9a1b858d519172d42007b9591983a00debbdc03b29c086542305e9a
6hFQvE8Ae5NfGVkHnC7t,2,train,images/train/class_2/6hFQvE8Ae5NfGVkHnC7t.png,0.646369,caution,22802f97333934d05661042ee411ebf81a0d71601c943586e86ebda9ebe38bfd
6hUFQKlg0x72GzZjJyI5,3,val,images/val/class_3/6hUFQKlg0x72GzZjJyI5.png,0.63643,caution,98aaee36aa068bc3e96d5abbefdc89775b70db303b99619cdcd0837b5ac77337
6kgpyCID8l4Pw7BYHTjM,8,val,images/val/class_8/6kgpyCID8l4Pw7BYHTjM.png,0.238566,normal,484924fe1b658c587ec98f18cc03e171f7827deed39d7fb2da799838f8165d03
6lYnP71M2umQ3V4jJdLk,2,train,images/train/class_2/6lYnP71M2umQ3V4jJdLk.png,0.00871,normal,0c3d0814a6f53f1689cc85189540ca1e379ec498d277dbdb379af0e440350d0b
6m2KfEwGe3bJakIr8Vhj,6,test,images/test/class_6/6m2KfEwGe3bJakIr8Vhj.png,0.072775,normal,6b0b7238501af8da5ccaecb2c5cc71d6ae65d4a8e0e3db591ecf169a1d313697
6nyOgqz1XDCm9QsK4BRv,7,test,images/test/class_7/6nyOgqz1XDCm9QsK4BRv.png,0.99242,review,25d236df13bb91e1e3c3d624bcfd1502e19e627c671fdb5bdb2598c3ab4ecd7d
6tIbeDRa0jfnZYcFqVdL,1,train,images/train/class_1/6tIbeDRa0jfnZYcFqVdL.png,0.158521,normal,d1950ee0df9149c84db47507f068bb189c933906fd28e36eca2089462320a617
6tfq21R8nrIeSWAULNVk,3,train,images/train/class_3/6tfq21R8nrIeSWAULNVk.png,0.636649,caution,312898c7abfba2508ad2cbcc1c0de7e8c0397769cf9ba0572a5f4ba443c39aa0
6tmqe5B8JDsQnyhGo7vP,2,test,images/test/class_2/6tmqe5B8JDsQnyhGo7vP.png,0.004498,normal,b4254a23da20173c7487d4860a972518df46f5143953975eac0baf6e98e4ef6f
6unp3PJlh9AoH5tsOE12,1,train,images/train/class_1/6unp3PJlh9AoH5tsOE12.png,0.001651,normal,50d595a859fef5fe469d62059301df8b1fc480e9bdc78496ec6be985e3ec07b1
6wHyQ3DVLMBtsxnhGvmo,6,train,images/train/class_6/6wHyQ3DVLMBtsxnhGvmo.png,0.267127,normal,3b17ee7e8f480bdbaf1eb4c8b7e859440583fcabd3b9484ebb3f7353f9ed77de
6zGBMr2YkjqfXFtUb1Z4,3,train,images/train/class_3/6zGBMr2YkjqfXFtUb1Z4.png,0.637937,caution,1b95b296c6d5fcdf9695a400348e131b095cc270fab95fb99a59c39963547bde
723C8e4nNUKMLrQZYdpP,6,train,images/train/class_6/723C8e4nNUKMLrQZYdpP.png,0.036933,normal,cc001b543e57977ee7e50f3a221da2b8c4875e15335d852b50818d76abbc5c61
72KpNMPtbRArxQLszX49,3,train,images/train/class_3/72KpNMPtbRArxQLszX49.png,0.638374,caution,a09dc2ea4fffe2b334507be75090e6c8d2ecf3ee59203e6a4ab9e02c0bd77f73
75qSAohLWYb60Hs24NUF,2,train,images/train/class_2/75qSAohLWYb60Hs24NUF.png,0.004741,normal,991a675971a4cb00808cb4db230f5a705629a93388e93b7f2daebdf1f33c6574
7A10IwRlFPe2x9KhagSV,1,train,images/train/class_1/7A10IwRlFPe2x9KhagSV.png,0.11403,normal,8e309f4f91ff7de49e39b1bfcba9ecf815e7fd56d3eb52a36374910ba204f861
7CAzl4vfXB9jtU5eaSPV,1,val,images/val/class_1/7CAzl4vfXB9jtU5eaSPV.png,0.028779,review,64db897efb5fb839e087fb9cecd7e0e34aafae2775a9898338ea481c009c28e2
7DLNKwxjz5AoPZtcXrHB,1,test,images/test/class_1/7DLNKwxjz5AoPZtcXrHB.png,0.002078,normal,63a27d3c10eaa3ab23a9acf3a96dd57bb8dd66dbd069d8485edc77187f277d5b
7Ebd8M0gDHBRIjFvr6SQ,4,train,images/train/class_4/7Ebd8M0gDHBRIjFvr6SQ.png,0.257737,normal,85ec76b356280d16cbb4b18d44c19685775961cfb5697cbe2fcd250fe3406a1a
7G3kjlrJTEBAdbepzQOc,3,train,images/train/class_3/7G3kjlrJTEBAdbepzQOc.png,0.635993,caution,75cfb32929e7beeef5d6d246f93f20034d891543e51a48bcd401d34772c45977
7GsWJqlM3kCt62axD5O8,4,train,images/train/class_4/7GsWJqlM3kCt62axD5O8.png,0.28363,normal,132aa9ec58d2d20293551fd9476574266d0fcc79aff290e69fe4f185758864f0
7MQb5VEYLiSBPt1GZgeJ,1,train,images/train/class_1/7MQb5VEYLiSBPt1GZgeJ.png,0.032372,normal,4952a2520eec204d3d623c5b907c1825364eb7bb1d7f867f7800777bb07403dd
7SAUNtQf8RMmL904jxID,2,train,images/train/class_2/7SAUNtQf8RMmL904jxID.png,0.001672,normal,9da24a660c51b64f768f33d05b984aec8df53fe891f4ad840b02ebf2cd728479
7TOAFQ4IL2oain9Z1DRq,9,val,images/val/class_9/7TOAFQ4IL2oain9Z1DRq.png,0.001808,normal,b18485b4f7effb1a13b213ad7c244e4fc2cf5ccaafe002ece74b9091520b7fe2
7Tqx4LAfG8hZHivBO0CD,7,val,images/val/class_7/7Tqx4LAfG8hZHivBO0CD.png,0.99242,review,440cfe0d2ed417cd41736083fc436445d07f70bc574be4341f7142bbe1f8d2d1
7Z54Kq6E2GTvgbyXunm8,8,val,images/val/class_8/7Z54Kq6E2GTvgbyXunm8.png,0.070943,normal,f06b1642bda7f996825590f83cc97c1fecf5a91b530a3827c8bcd291a3e82b31
7akW4s9DnVjR20eflLYm,1,val,images/val/class_1/7akW4s9DnVjR20eflLYm.png,0.065643,normal,a18e71be7a2a8974b4c2cdec0e8b4362fc9efb85a8b75c082d57075d45bc418c
7cyYPthi5KmvXEs2NkRj,5,train,images/train/class_5/7cyYPthi5KmvXEs2NkRj.png,0.835689,caution,55e2db41dab464e8c884d3844226ca678487dd08094865785f2bec65c7099c03
7lz9eQuHKTdVIfGYMrUn,3,train,images/train/class_3/7lz9eQuHKTdVIfGYMrUn.png,0.636867,caution,dba377465d6c6d8809226cc1997334366e0474fc2792a06ec1abcf8e8e4d415e
7rLEfBjbiyXDU0Aewa4P,3,train,images/train/class_3/7rLEfBjbiyXDU0Aewa4P.png,0.66178,caution,65b89ccf2e2cab34fe5eaf88d61db623b9900521468360dfd795be87017e372a
7uj5dveZfCAg4MWnorY0,2,train,images/train/class_2/7uj5dveZfCAg4MWnorY0.png,0.009439,normal,a18019b454b3b12fd1cce6065d62964fc95d7af3186942a7133a7209cfc3a892
7w9HgKIJmjx0cYnea243,2,train,images/train/class_2/7w9HgKIJmjx0cYnea243.png,0.007179,normal,8ac06a702620a0e6a6818f7176f09da3e006ede3b388a4861d5934facb657ef4
7waVJqpLnoxz4fKsZv39,9,train,images/train/class_9/7waVJqpLnoxz4fKsZv39.png,0.020901,normal,7f7cde734a80c701f1cc633a863a0c0364c53b0bd53c9fa0131536c44a8d8d58
7yxCFjirtYhceaPuNZkD,9,train,images/train/class_9/7yxCFjirtYhceaPuNZkD.png,0.000303,normal,d6710238b09cf9d601858ffe0aac90900f3b2f9ef16f185729d8234445dbbb19
80G5QtOzNdR9CVxTJ3Uv,1,train,images/train/class_1/80G5QtOzNdR9CVxTJ3Uv.png,0.004617,normal,d57b1205595f7ceea8c47ebe3e4a9442da3778404870493318a016ccedc6e3ce
81lKRfdtTgnpWqIUYMzo,3,train,images/train/class_3/81lKRfdtTgnpWqIUYMzo.png,0.636649,caution,bbf87884bfc680548c2e4eaa6dabc61d84b9c7c736cfc7239f369e03c52a633a
82L6irNBWpMQZ9DRlXKw,6,train,images/train/class_6/82L6irNBWpMQZ9DRlXKw.png,0.027372,normal,e32dffd3a5c3c5827e103978241372b0e107155b4f65d05a293b6a1902a3323d
86kXs2U1IEtu7d3fvxJY,7,train,images/train/class_7/86kXs2U1IEtu7d3fvxJY.png,0.99242,review,e1e63d7c842dcc2206da1454c06e95d745e23914cc7addca08657722e9d582d3
8CKcwMWse2LIa9tkhGXE,6,val,images/val/class_6/8CKcwMWse2LIa9tkhGXE.png,0.021781,normal,40705484804c7425647764bce54cc828556022966520be6b30b435ae58b21337
8JqbzxWR216yr3Ptgems,3,val,images/val/class_3/8JqbzxWR216yr3Ptgems.png,0.635993,caution,5783bbefcd7d89e648be2da677fc56d146985c2c2fb9111f6a7b1f5a9d2efd89
8VrlyPxXiEU2Bwg5ce3Q,9,test,images/test/class_9/8VrlyPxXiEU2Bwg5ce3Q.png,0.002136,normal,0a3f54ed19c29f07ae47a64c94ceb6e9f4c8454ef84e81e8b5c98daf58bd6976
8XarpMwmLAk1gTDfYZol,9,train,images/train/class_9/8XarpMwmLAk1gTDfYZol.png,0.000262,normal,e571b0ef22e87d332054306e1ac51c2b86a83d5a30167ffdecf62891382f2888
8aIkyv7jJRcWpYOD9Ub1,8,train,images/train/class_8/8aIkyv7jJRcWpYOD9Ub1.png,0.632121,review,ee369bb4ce1d6a29fbc9d5b0a91b32d911636eba630e297179aae326743625cb
8gvOauLJb39wNfdAMDt6,2,test,images/test/class_2/8gvOauLJb39wNfdAMDt6.png,0.004315,normal,222eabde6a88e183f3d46f369896257043d4c26375ee449aa499567d64cbba87
8hIFCdlVcX0uxefwQ5E7,9,test,images/test/class_9/8hIFCdlVcX0uxefwQ5E7.png,0.119548,normal,acd2b16ff427d5b4b7dd3ce8d8adb8421a67237ab71b2ca09ede1f7b90fabcec
8iZw1cMaPBr4RJzxlFXH,1,train,images/train/class_1/8iZw1cMaPBr4RJzxlFXH.png,0.017375,review,d3f42bc0c61053c4dc1194be9e2dfef048ae89dad819d4a9c1e611fba633f1cc
8jN4P37vE9ROTiHoZaDG,6,test,images/test/class_6/8jN4P37vE9ROTiHoZaDG.png,0.027575,normal,f76022e9539169bf4a761f64cd8f4215d195f4df01242221671131deba149a32
8kVfT5MmuErjvdPsZxIY,7,train,images/train/class_7/8kVfT5MmuErjvdPsZxIY.png,0.994799,review,5563d4a7c5b56f98c752257a6d4bc4d0e40b30a9a00481e41d412eede3cd2e8d
8lW0SucRGF2OTNLe7KZH,3,train,images/train/class_3/8lW0SucRGF2OTNLe7KZH.png,0.637937,caution,948b8c883383aec3ff315769a88e5df85da099e68fb73a11b336d3034d811691
8mWh570SFDzATaLEeVH6,3,train,images/train/class_3/8mWh570SFDzATaLEeVH6.png,0.637937,caution,ea0c7c0e5b0c5e27c191782248d0070e897964afb1320277b7dbff0b9e6cab72
8odIrLKhPvcDWNCVasUl,4,test,images/test/class_4/8odIrLKhPvcDWNCVasUl.png,0.526649,caution,ca6ac39fad645c779d1c17ff86130613fd5750515b57df0b15214a6fdaeb54ff
8vLGE0QNUBHaK3dt5hyl,7,train,images/train/class_7/8vLGE0QNUBHaK3dt5hyl.png,0.992018,review,bb542e4e789c38ea7dee2bbaa7e303e288a54a23431b444110870bedfc05be4e
8wSjurzyd3Z1UfgFJe6h,9,train,images/train/class_9/8wSjurzyd3Z1UfgFJe6h.png,0.00107,normal,e18e66bb9da8edd9d7fa2f25b4758beec709ab67742c171d35633ff14d5d74f7
8wiAzpNQEV07aXyR6DIl,4,val,images/val/class_4/8wiAzpNQEV07aXyR6DIl.png,0.540848,caution,bc6971fb63f8fa89c4905ce5e66274b4a5ffcbbf65e7f7b2c6c9fe3594258baa
8wm2jYBqV30okUMfuDCd,5,train,images/train/class_5/8wm2jYBqV30okUMfuDCd.png,0.847921,caution,b95670534f1e5881762c5b447dc8893eeaf098d8d8fe6c5e43761d435e0293ea
93DFQGKTLxy8Ej6kwlPu,9,train,images/train/class_9/93DFQGKTLxy8Ej6kwlPu.png,0.000346,normal,25fb11a7a12cc84c8982298f8d12c6b983a8a4c1cbfdb7ac9b8c66de72398b60
93a1FbpJTGSxjfNElrz6,2,val,images/val/class_2/93a1FbpJTGSxjfNElrz6.png,0.035223,normal,6b20f2629b78b551564bb22ad2a4990100ddebe4b993c21587e3581082848901
94dA6U1Diuc0rQxlyveO,1,train,images/train/class_1/94dA6U1Diuc0rQxlyveO.png,0.109228,normal,0ab91814ff64811212821cb1b2045415799d431b5dc3e9b1f5e446ebcba57d44
974hJRWKfvXaTtNoqMGl,7,train,images/train/class_7/974hJRWKfvXaTtNoqMGl.png,0.992377,review,124e5fe7e0d58abcf4ef6cfa74a147501e65e252ab9f4a423f2465a95445a8df
98fBSiA2Nul5EzmnC6kt,2,val,images/val/class_2/98fBSiA2Nul5EzmnC6kt.png,0.003825,normal,a6ac03762b261729142e09b536ea50a4fcd925bb38da7e2f4763926961fe660b
9AN1xYGCFidTnrJc5RUQ,3,train,images/train/class_3/9AN1xYGCFidTnrJc5RUQ.png,0.66178,caution,ef6efca3b0d3b524ca21137acf14a105d95d4e2944389b57f64ad12cf4cc4f25
9CVbzaWsLvcHjPqZu2Q3,4,val,images/val/class_4/9CVbzaWsLvcHjPqZu2Q3.png,0.254025,normal,e110f3ed8157d4d8bd489a574857d339dc8fdcb0748ecaeec497df64909ec6c1
9CpcVP4NlA0n2hU7DzTY,4,train,images/train/class_4/9CpcVP4NlA0n2hU7DzTY.png,0.585425,caution,dc4fa3467f3373b796086a2345da16b03e755b04b28f446d5accadbc595cc982
9DauIvUMYJ15so3beSn0,4,train,images/train/class_4/9DauIvUMYJ15so3beSn0.png,0.477134,normal,03f5ec9a8997b57c3650d985c50df17efc19e94729fd8f79e5524f28c94bd493
9KMBloOjwteu6ZxUhCzJ,2,train,images/train/class_2/9KMBloOjwteu6ZxUhCzJ.png,0.068493,normal,d2be4cf28c1a777d0ed112231a8c62286dcca31be66d7865933a4c4e6aafcee6
9MFzgoiD3y0BXQGdY8vq,4,train,images/train/class_4/9MFzgoiD3y0BXQGdY8vq.png,0.556815,caution,2cd00b58a6c7ee277b4996a10c86bf351cbff943be6b0cc96be6630ac4da2b5f
9MKSaiLY4AtGDZfvRQ1E,4,train,images/train/class_4/9MKSaiLY4AtGDZfvRQ1E.png,0.467497,normal,ea71ebb2bbe9096da3933f0ea15c751ce21c23066e9e5520a8be3e3e0f8f563a
9PjuhOrlRqxHeQcEBYMX,3,train,images/train/class_3/9PjuhOrlRqxHeQcEBYMX.png,0.635119,caution,61b91ba076eed9062f39da6f2844ecc50bb7ece89a921fc88d81e3c23ac7ab80
9QRkLX8V3CAmUwb64aDJ,3,train,images/train/class_3/9QRkLX8V3CAmUwb64aDJ.png,0.635993,caution,210f254629eafcd76a287e8d577d3494e1e7cd1bfd297fedeec4dbb9a38ca3a1
9XqeCuYvWS62VE5giIz0,2,val,images/val/class_2/9XqeCuYvWS62VE5giIz0.png,0.004416,normal,9fd0f301e4b6bb558a774d326092225b9b6cd5badbca82ad22d93733f5cdf5e0
9dqPn4IQFJCw127aTVhp,6,train,images/train/class_6/9dqPn4IQFJCw127aTVhp.png,0.095157,normal,8c5889565a98902b09dd2aa25b6cd00f0b14b70c9045e208f2adef88520cea79
9eMPNZm0jOhr1SLBDs46,4,val,images/val/class_4/9eMPNZm0jOhr1SLBDs46.png,0.536879,caution,1b7263887cb769a0c03b7ee89cf75274b6250ed426cb20019875319563c756d3
9eYt5hjsLfTizPRZ0aUJ,6,test,images/test/class_6/9eYt5hjsLfTizPRZ0aUJ.png,0.049015,normal,1d0c6fb0d3367fcb197c1b404dba6a9c1abb9d73d90c3615a594bb8f327b8872
9gBVZNKoIPkFM8vOp45G,2,train,images/train/class_2/9gBVZNKoIPkFM8vOp45G.png,0.067015,normal,64048d2d958049b4f71df8955ff427b84e130d399011b71af1b45b47dc8c3fea
9k7XsAPloT1qrQeV8RCa,1,train,images/train/class_1/9k7XsAPloT1qrQeV8RCa.png,0.0381,normal,ee986389c128cd3a6ae7be1cb9dd6b7137ec5caf52308ab17c5e261fb14772e4
9l5grVFxD4EItfTnqmks,8,train,images/train/class_8/9l5grVFxD4EItfTnqmks.png,0.070943,normal,5bc257e64353063643af5530648ed860f27bf6fc7f23434fe4c6a7687d2f018f
9lHyVeXERtIaZcL4kWqM,4,val,images/val/class_4/9lHyVeXERtIaZcL4kWqM.png,0.330811,normal,90972eb228ad1732b492eaa69e1b917940f1898374c1ecde113fe9aa575a28b6
9ra6FlEPuhYQX72JAdzf,8,train,images/train/class_8/9ra6FlEPuhYQX72JAdzf.png,0.067446,normal,8a122389311cf6706ba5909f3ed43d8ce2952a1df746f1184a9ea0c556b269ea
9wOVdUL6r0SmjE1kAMxW,8,train,images/train/class_8/9wOVdUL6r0SmjE1kAMxW.png,0.056738,normal,4261102ee7ff8fd39204a16ad62006d0b9561c17c50e27f0da8171f4b8bfc542
9xTAMrBbq2ugRtDJ3lGU,2,train,images/train/class_2/9xTAMrBbq2ugRtDJ3lGU.png,0.00788,normal,3623da10891d077932a8edbccbc719661f9261abac5cc480e7765f643b17a089
A4Gwv2fplFCVaiSbKJN0,8,test,images/test/class_8/A4Gwv2fplFCVaiSbKJN0.png,0.070943,normal,8cfed46c7f4b3742e37d9d696a17cdc409aa2047645b447555362f769902840a
AHErPLd2pTyWusBgXZOx,6,train,images/train/class_6/AHErPLd2pTyWusBgXZOx.png,0.043716,normal,38498ca10e0c0209c618da2172e0840e6b59eacf15f8db1a5a20b16bde1bd980
AJBxQN3qer6FYj1RkbdU,9,val,images/val/class_9/AJBxQN3qer6FYj1RkbdU.png,0.023728,normal,69f5e29c7f89050a8b8e0a83417c4d16d21986be7106747a25152a5dbe1d995f
AK0WapSl9V5GYu1HsxLB,6,train,images/train/class_6/AK0WapSl9V5GYu1HsxLB.png,0.490564,normal,c3c96c7b805d709d1458b43a3fb002f192ad9db46447a51f0181ea6570079c48
AK8ZjCh1nXIzygf2s3Tv,6,val,images/val/class_6/AK8ZjCh1nXIzygf2s3Tv.png,0.087565,normal,d73b29a16c2a1ca03eecc42612e6de1505c1fb71f67d492297cc28e6f1a1c273
ANz6knJhUMmGgC2av4iB,6,val,images/val/class_6/ANz6knJhUMmGgC2av4iB.png,0.045281,normal,d9a46a010b055476a0de535176a6968208c34f6879606ce088fcf03bc62f4022
AOVMlEpXa3N2Tj581QGc,7,test,images/test/class_7/AOVMlEpXa3N2Tj581QGc.png,0.994799,review,9bb8cd0d86d861bd509ffac2a082cae0b23268d7728111537498cb9491f7bff7
APTVokiODMSIyn3r5UuW,3,test,images/test/class_3/APTVokiODMSIyn3r5UuW.png,0.638374,caution,15c5fb3ffb89f802928e6aa85a95e56d4b85d1a06c93da2c1a871468d28a1e66
ARIuhH95Kori4B8wmQLM,4,train,images/train/class_4/ARIuhH95Kori4B8wmQLM.png,0.416184,normal,7049bbd72652f697f2a6dd661162da40f08de97ce85e6edad18c17379fe5f11b
ATKzi05WXfeNpJPcvmaZ,6,train,images/train/class_6/ATKzi05WXfeNpJPcvmaZ.png,0.042809,normal,69bdf802f84297d098dcf90115ce2293b328598b86392b434188edfae60fb74b
AXvM7mlBfJ8eHVDcspNz,7,val,images/val/class_7/AXvM7mlBfJ8eHVDcspNz.png,0.023012,normal,e36c418e55552da73662858e0c769907daacff77eabd30cd4557e44e391f1281
AYVnhTKJPbW2eBjrQ3Cc,8,train,images/train/class_8/AYVnhTKJPbW2eBjrQ3Cc.png,0.067446,normal,5436a0dc7d59a5aa8db95bc76ce16b8d7f6e6e88c1b473655389debcae07bd09
Ab76U0fJanpo2QwxVN9e,4,val,images/val/class_4/Ab76U0fJanpo2QwxVN9e.png,0.52541,caution,907c1edebb5134aa835f35cd07c2a49c1e9df26b31446c3719ee4e6da5f98a43
AeCXyFRcU2SsgvVTpMzi,5,train,images/train/class_5/AeCXyFRcU2SsgvVTpMzi.png,0.168165,normal,5f91dda02a33525d60b7c385a879c1fd2e21c7503369723c074ce10d5223fe6c
AiTGE0dPvU4JH92LYoXD,4,train,images/train/class_4/AiTGE0dPvU4JH92LYoXD.png,0.209093,normal,3c90e1b6303f442a40ed3e7cc3ecaf69f883808965a737ec151e8c519f39babc
AkmwZ96MNWGXnObY21SQ,9,val,images/val/class_9/AkmwZ96MNWGXnObY21SQ.png,0.00193,normal,4489066e3f2d42df466f8412a2dff5a58f27837074cf11a882082aabbb6821f8
AlNimKRVGWnbq7X64jfs,4,train,images/train/class_4/AlNimKRVGWnbq7X64jfs.png,0.390377,normal,2945833c0e015e176b356f67698f012ac6447086fa5f83d11def490d146f03ce
AtWjoFLHmYaelhIfzin9,1,train,images/train/class_1/AtWjoFLHmYaelhIfzin9.png,0.028611,normal,4cc04670730fb816aac42b948518764df29c6eb931ec1063a1ebcc7d661abb11
Ax8CPSOsnjuY1cDyNbqH,6,train,images/train/class_6/Ax8CPSOsnjuY1cDyNbqH.png,0.021251,normal,79af905f0948ef25f5b48beddf49ea43e3af31cedfc297a613bc047a0df7813d
AxOFp3oSKE5lCVHPsLjm,2,train,images/train/class_2/AxOFp3oSKE5lCVHPsLjm.png,0.004403,normal,e017f2ad3fdb55aeb94f3457650d0bbf0a7c1e6af5b8f74e5820d0aedec9f4b1
B17Ru4gs0vhqyMjCtLZw,9,train,images/train/class_9/B17Ru4gs0vhqyMjCtLZw.png,0.123128,normal,08a1bf569129896a57479c3b193a70f7a30e4987bd94dd0b4aaf942a5f30b2ca
B1RqJe6Mmwjnls7K4aUI,9,train,images/train/class_9/B1RqJe6Mmwjnls7K4aUI.png,0.000335,normal,d9b0d5e964b8880a4b9b2ac0978685b8e517847bc138a96a462573608cd7055e
B3F57b1RXv8cuGZifynU,9,train,images/train/class_9/B3F57b1RXv8cuGZifynU.png,0.000336,normal,ac6bfc088b96877d6afc2c026d136f31e31f5a4cd27704070c456a4a0a75cc34
B5KcvwyrkjX8oZWbMRap,1,val,images/val/class_1/B5KcvwyrkjX8oZWbMRap.png,0.035048,normal,f9510ccb129765b548170c3c3d122605b10de5502c20584e658870c3c81eb1a8
B6dzEY3kKIn8me9McfGg,5,train,images/train/class_5/B6dzEY3kKIn8me9McfGg.png,0.841221,caution,5eacdf9ddaa7cc1381b87a7da0196db4aeaa3777d04fae43558af9622d25260b
B7O90Mfiz5EPpJyTdXFb,2,test,images/test/class_2/B7O90Mfiz5EPpJyTdXFb.png,0.004125,normal,141f71e4860920cde3dac4ce54ab271dd4429fa5da057497ccf5512f08903c2d
BAGfw1SeoPIqyhTErbit,4,val,images/val/class_4/BAGfw1SeoPIqyhTErbit.png,0.481265,normal,d677688e524faea4387e6f648ca6b76ff5f5e92b48d1551eea7ce2df6aba0ac6
BASrsZoQNCtedvFkT5Xz,6,val,images/val/class_6/BASrsZoQNCtedvFkT5Xz.png,0.045759,normal,472ee64d52cc4723a27f6c2f6fd752818096f0fb46cf5a5af3251f11cae1fa7c
BEcVolryIXTuDYLKbgGj,6,train,images/train/class_6/BEcVolryIXTuDYLKbgGj.png,0.001215,normal,a8341d937a04c343f7bbf6c55dc2be260441b51c5cc1bd08de27e607d67eedad
BEqMgotbrGVUiXsuFJWw,3,train,images/train/class_3/BEqMgotbrGVUiXsuFJWw.png,0.74235,caution,134b9b28ebea1a89e2878e4a1c6a2f6681b1d8110ed6fb9f1fdeb622762d4613
BK2Osv0kr1lnCpSDUaIf,6,train,images/train/class_6/BK2Osv0kr1lnCpSDUaIf.png,0.031505,normal,13abe58efe37033d6935a3222a0c069db21f5f754c870338fb841b129843c9bb
BKXtxeYlLsprabEWIQhn,5,train,images/train/class_5/BKXtxeYlLsprabEWIQhn.png,0.158968,normal,416950e1ff7d382d896790e4ee56ddd8f9ec37e27617e71dbb956d28a6f3559b
BL4IWnsa2AbXyoPHQ0kJ,1,train,images/train/class_1/BL4IWnsa2AbXyoPHQ0kJ.png,0.051305,normal,6d1db0b35352fa33e8b13d2b169c987af706ac873ab3281ae92b34bc6f79678a
BM9ri8vXtbxJNem6S4wg,8,train,images/train/class_8/BM9ri8vXtbxJNem6S4wg.png,0.067446,normal,80423409fbe768f6cf4aa98c94d66b98c9c948150a36b0d478d7b0a0dc04b8c6
BRHGMC6IkeKx4LjfPJ1Y,1,train,images/train/class_1/BRHGMC6IkeKx4LjfPJ1Y.png,0.010426,normal,370e26706d3a0ff0b3ba28a14bb62d0f0711efb5fa4c0cdc531395d5e121a768
BRcPd4zStO9XVsnayUYw,1,test,images/test/class_1/BRcPd4zStO9XVsnayUYw.png,0.159397,normal,2aae960ad59dd26d834e6b702aae2d0e1ba71cbf6b1004c6b1c4d7b8b20f1207
BTQCdlRynE0jZFomPDwq,2,train,images/train/class_2/BTQCdlRynE0jZFomPDwq.png,0.00889,normal,4f4c63a78d506e0ab8a9edcd6ae91ec03209c8db7e5d4f737e579d45fdb095b0
BdonVvH3SC2IFgc6NQTh,7,train,images/train/class_7/BdonVvH3SC2IFgc6NQTh.png,0.99242,review,54362e605370812f8dd062a332f0ebf00bf0f2d57e22699d535e7866a8572e79
Be50gvTzhjPKQ4m2FyLl,9,train,images/train/class_9/Be50gvTzhjPKQ4m2FyLl.png,0.006665,normal,27ea6968d2813285e86b48084a6c17adcb2733a18be29071ad80757f3243fa37
Bi0qfC3cKRzFTNxgjbrJ,1,train,images/train/class_1/Bi0qfC3cKRzFTNxgjbrJ.png,0.176652,normal,89e0ee00fbdcadf950f0961b1303f11b748babb79c4ba67da51e0b980b5944e5
Bj1A0a6Ec4MIUQzfsTg7,4,train,images/train/class_4/Bj1A0a6Ec4MIUQzfsTg7.png,0.536652,caution,ea19e59cb6844e361748b3d885d0b4f1563e81c334e831a049c71d4580130478
BpLKvjJNAdDqyMElYnR3,7,train,images/train/class_7/BpLKvjJNAdDqyMElYnR3.png,0.992399,review,88830b419d0cadb5b2a1d5150a9179795088cd19d3b9fd5da7cb44e680f240e3
BptGe4VriOWLUXmwoN81,1,train,images/train/class_1/BptGe4VriOWLUXmwoN81.png,0.111922,normal,c881097e93ae990f8916abf1b06b5e16aa3a95f0e679f4833d6278eb46aa0f06
BsouwtiGC4ULQcRpOWh0,8,train,images/train/class_8/BsouwtiGC4ULQcRpOWh0.png,0.070943,normal,c30071f0d12b8f6f04181bcbe7c650253bb3393ad36a8096dc350b07ab1e3760
BvwxC30DRuqGQag5ybjn,1,train,images/train/class_1/BvwxC30DRuqGQag5ybjn.png,0.099153,normal,3e13ece1a79d022f4975e3234e6db19d97840c592802f66ac48758ae728702de
BxPFmVlCKJpDQzIZcEAs,7,train,images/train/class_7/BxPFmVlCKJpDQzIZcEAs.png,0.99242,review,336fc48b79f32390d1743b313e5b1ed034449ad72997bc9b22c7b8bc6c816c39
BxhpgtQbsyuqY06HJ2OT,9,train,images/train/class_9/BxhpgtQbsyuqY06HJ2OT.png,0.566921,caution,4718c155ef40be46e9863b19e980a266b30d8e95cdf70950a4ed9a3d8102b045
ByY1Q4t83mnODGTj59op,8,train,images/train/class_8/ByY1Q4t83mnODGTj59op.png,0.374286,normal,5fc9d611a8ad86b9c92b30b0e0b381a835ac8b437717f7bd93a7e753ba0c3afa
Byt6LiXanHRvSsMEGFU9,8,train,images/train/class_8/Byt6LiXanHRvSsMEGFU9.png,0.274145,normal,f4d757c2ee7052acec2c145c0012eed688c569ef42c055ff1c202b0939458b0a
C1OlcN2H8W0YATqZxipn,1,train,images/train/class_1/C1OlcN2H8W0YATqZxipn.png,0.085156,normal,b84b749594bad084c5d32f89853ebfdbeb5e17eba6bef83d1d2f4ce40aecadab
C1XFOqQ7ifPH23LaZolY,1,test,images/test/class_1/C1XFOqQ7ifPH23LaZolY.png,0.04337,normal,e37a1b9fee3550307a83026a4f97efe139b25064b6c27f08db006bddc1d4e8e0
C7zrE8PH5XKtM4n0uYkT,7,test,images/test/class_7/C7zrE8PH5XKtM4n0uYkT.png,0.99242,review,1d9d4c6ebc3bda22a926b290ea7c69aa01e3df292484cd0fc04e505ed061bc4b
CF6vmR5JGh0jw8eNoE1I,2,train,images/train/class_2/CF6vmR5JGh0jw8eNoE1I.png,0.00458,normal,cd7da73401a858b32e1226cbd6112ef6914be0a982f7f386329b0b8c543b619c
CFGqpn3MEZYvh9mHtL2N,8,test,images/test/class_8/CFGqpn3MEZYvh9mHtL2N.png,0.4002,normal,91eb594500d1a3dbc9ae722ea4cee76a716cde338a6ba1c5bda4984fa3a61c9c
CG6sL3Aug4yomNnztEIw,7,train,images/train/class_7/CG6sL3Aug4yomNnztEIw.png,0.992018,review,3b35915dc3ae4ef0a4ad9b1cb4957c30b558067649136dc9e5873eb09ed92f06
CGtMcxADYKyHhnTrebkz,6,train,images/train/class_6/CGtMcxADYKyHhnTrebkz.png,0.028376,normal,d56646f5c7b09480e6d184f3595ce69eefa74df0b4ae5b3a34438feef7f4e618
CITaOLPoy9vEpM0qe8X2,4,train,images/train/class_4/CITaOLPoy9vEpM0qe8X2.png,0.568359,caution,6b5f746b034d0682d15fbc45527b60b9a51ecfc047ceda55869e3835b80caaae
CJd8AaX1f4EqUVtj9Won,4,train,images/train/class_4/CJd8AaX1f4EqUVtj9Won.png,0.500755,caution,56d7fe108ef8d0dc9ba3987e0e499d4dae5b7dd285d5fbb125d410a42b438336
CLZ15SyTFMUBH3ldR427,9,test,images/test/class_9/CLZ15SyTFMUBH3ldR427.png,0.248302,normal,c3f29f88b548b5e0e50513951221cd296c030e2908d756af517c2be17299a31f
CMKGnmX4D3dQIzgxUAqT,1,train,images/train/class_1/CMKGnmX4D3dQIzgxUAqT.png,0.00118,normal,d1b267a757c3f25a45371a000da23fa16125f9a9d4e86a551fe7cf4972f4222d
COz1qc0Ds7RHkdbQBwvU,4,train,images/train/class_4/COz1qc0Ds7RHkdbQBwvU.png,0.523821,caution,0190f9190b94c6356b2f7d207e665efbb750b188faf9ec017adb5b6488082090
CR9GPyMf7ASTVdHWvoX2,1,train,images/train/class_1/CR9GPyMf7ASTVdHWvoX2.png,0.092147,normal,0b0de52fd4bc34445d9eab48037d19635c5c230220965144b11588978355f411
CRrAOvzk452LVZIGMWsq,5,train,images/train/class_5/CRrAOvzk452LVZIGMWsq.png,0.838011,caution,65958b114db627cdd7f005c3f01d6f0b2133a040c9428316b15fda576a953c97
CWDE4xUiRdwmFGAt80pn,6,test,images/test/class_6/CWDE4xUiRdwmFGAt80pn.png,0.030035,normal,494c87ef24312fc458d0ad1a5eee91af2db9aaa4647f9ab74224292582579d80
CX7ol6EGO5dcu8pPirjI,1,train,images/train/class_1/CX7ol6EGO5dcu8pPirjI.png,0.013672,normal,430088a635e7b0d61c0d4cc52bbaa5678c7bc045014cb3cb7877494c112e8ebc
CZ2gJmqpoi0PuKQnxfHw,9,train,images/train/class_9/CZ2gJmqpoi0PuKQnxfHw.png,0.023686,normal,64070a3627e6964d7817a177382b6122e5390cefe7c9adad896c967ea8c3a6bb
CZERL3GtjlXBSK2QidO6,4,test,images/test/class_4/CZERL3GtjlXBSK2QidO6.png,0.555994,caution,00a18b74e13224fef32b664f3407abd4c5c1f892ff9ac03b3ea4da7beb85c711
Ce3k2BNVSYobKq5zGTtI,9,train,images/train/class_9/Ce3k2BNVSYobKq5zGTtI.png,0.002044,normal,f3b16159bee416b23e5697d841c7b8f05b72094161ebe462f56eccfa7af0ed83
CmqH2NFrlY4EyvzkTW1S,1,test,images/test/class_1/CmqH2NFrlY4EyvzkTW1S.png,0.067404,normal,ea28b391c9dea8bd7e4295a3d7ae9702010e5515d92442595fba06adaaedb392
CnhXYK6fcAieFjQgJ4Hv,4,train,images/train/class_4/CnhXYK6fcAieFjQgJ4Hv.png,0.378815,normal,7daca572b864ba1ad4828afa62e4f7c3e88158cbb0f46ef6f612624213d9262f
CofyHkdmFVtYO5KWJn46,8,train,images/train/class_8/CofyHkdmFVtYO5KWJn46.png,0.070943,normal,0731aa5e5b41baee8d5be3c8fcac31c025341645e308100186407c610dfa4aad
CpqoJfz2l3hv9bsUOBHR,6,train,images/train/class_6/CpqoJfz2l3hv9bsUOBHR.png,0.028781,normal,6584a9cc0e7d62b99b088d76b1e4bc37e2ac8d318f7e675841510f77f52071a9
CvdWjIn9A4GkBbp1HF6T,4,train,images/train/class_4/CvdWjIn9A4GkBbp1HF6T.png,0.527851,caution,9b637b11ea524a569bdee3d4bf9d7f5fb3241a9d1570f718ff4c2de82273c31f
Cvi1y2efF0AhORZ75uNK,8,train,images/train/class_8/Cvi1y2efF0AhORZ75uNK.png,0.070943,normal,528625f83c2197dc182ff494f543e1da5b09de213bbd449deed85b37acf08797
D0xHyj1fV5sA3tN4JL26,6,train,images/train/class_6/D0xHyj1fV5sA3tN4JL26.png,0.042177,normal,b0a4ce9babac79b1549d2e746b6506fd7a38bcde1cc4c19d5e10fa4d16eb15b5
D14MK7pSBhfeR3WxHztw,2,val,images/val/class_2/D14MK7pSBhfeR3WxHztw.png,0.005463,normal,299255f4adc968368a974a375d04dca4e408a7e242ae39f77a12cf485715a816
D3P5wso2J0hYbKRIWaCL,6,train,images/train/class_6/D3P5wso2J0hYbKRIWaCL.png,0.022329,normal,0c59ef6647a1bdd2022f7c4593a6622e5c641b8b4e24c4d070e3eb214f40fec6
D3n6SdQlaemK42C9gfR0,6,val,images/val/class_6/D3n6SdQlaemK42C9gfR0.png,0.017012,normal,879606a0b91f3d51a011cf5aac2ce84253a310f70bcebfb49d0628698cbd7808
D3ukxpLVATJ8FR5m9Cjd,3,train,images/train/class_3/D3ukxpLVATJ8FR5m9Cjd.png,0.485961,normal,6f2450f9d17de7d62cac1bde7a30a363f9695fee9b92865809d303c0e347a668
D5Rb6TvCxzcwhUsF4J9A,3,train,images/train/class_3/D5Rb6TvCxzcwhUsF4J9A.png,0.635756,caution,a05b435083c0ca99133d236b37dbfbb88354d57a9961bd6ed958b1bf3e14265c
D6WLAbdEhBvgXrRMJkao,4,val,images/val/class_4/D6WLAbdEhBvgXrRMJkao.png,0.45667,normal,074c52d5b0a4d4ace943bfddfe69e4bc30c60a3b02609f0e3216e123571b2517
D6u5yVKshqgxUP3WkGf1,9,train,images/train/class_9/D6u5yVKshqgxUP3WkGf1.png,0.006435,normal,6c46b3081605038cd02ed80cfc0f3a26512a00ab9fb96a0f95f3d150546621c5
D95QEl8vuaTqdIAszekS,2,train,images/train/class_2/D95QEl8vuaTqdIAszekS.png,0.03615,normal,8ce9d670843fd2e2f930c92e7fea7cbb58e1245c22637fbf21291e1da441c39b
D9XrA6kMy2sh8ZYnjqiT,8,train,images/train/class_8/D9XrA6kMy2sh8ZYnjqiT.png,0.065861,normal,39e7fe5e0610d8b9d46f83f60cdaf604784ec25d56952ab66c50db2120109c53
DCbTkH41EJzSQtLAVFmp,2,train,images/train/class_2/DCbTkH41EJzSQtLAVFmp.png,0.007705,normal,6b85216698c7b204c1e031bd98fefb2ef368283271de33082718f06b35b14040
DEyOUKzN2g8suv96eYoC,5,train,images/train/class_5/DEyOUKzN2g8suv96eYoC.png,0.715561,caution,4b0d1d0462342106575f3c75cb4c581a1c3fbb592ce012e3395562a8eb4b9ae2
DF8mJsVZeA2E6INP03vc,6,train,images/train/class_6/DF8mJsVZeA2E6INP03vc.png,0.020379,normal,1c2ac99a398b12e0ce4311fa1cb86a2d881f8c4aa8c25c78355987b793a8b6c4
DIjcFZaN2Ly4VGnKdoql,9,test,images/test/class_9/DIjcFZaN2Ly4VGnKdoql.png,0.000301,normal,cc88d38c159afcf815d17dd63b313b93e8d86c8f4aeedd947d5e5ab3646de883
DPVTHpkfLrABWaqgoyjw,8,train,images/train/class_8/DPVTHpkfLrABWaqgoyjw.png,0.589741,caution,d4fc5aa4c78ec7c346fa933be2b0821e963b80a84c808d520c4694b13bed8753
DQ5fK17GCZbnJs6oNWva,2,test,images/test/class_2/DQ5fK17GCZbnJs6oNWva.png,0.005364,normal,33e4125652b791ccab80acf4c694f28cd583d3420f6085481fd7037c09a9329d
DRsZqtFbzNrucxWaJofL,4,train,images/train/class_4/DRsZqtFbzNrucxWaJofL.png,0.527539,caution,115097b5429efc8b5b927664db9cd8f5456c1ec47a51494ef1f1fa15d6689433
DUVqFkRTd3MnipSGWgbX,9,train,images/train/class_9/DUVqFkRTd3MnipSGWgbX.png,0.000286,normal,d660b7d7c0f03eb6d2ba96a5c6b42b390536a0ade46e61ac85fdfd0a5ebec0be
DVsfP6pU89nBdhZHqxI5,3,train,images/train/class_3/DVsfP6pU89nBdhZHqxI5.png,0.635993,caution,7141417d5b0b82a0afab33d70660093da2b671f4d201aa24e8b26be7d8ec0a55
DYzoP85CvmEU6BHWwVT0,3,train,images/train/class_3/DYzoP85CvmEU6BHWwVT0.png,0.635993,caution,36770c830699d71efb42c08ae3e0a307e797602613de05755fc661d6512a1b2d
DayOBihLJU5IkSjAgMmt,9,train,images/train/class_9/DayOBihLJU5IkSjAgMmt.png,0.000304,normal,b19978210d5567bd446aba45b5610fbe1ea5ec168fef5fc6fd6d3ea967a97924
Db0XpT26ZKq1d8eVPzfx,3,val,images/val/class_3/Db0XpT26ZKq1d8eVPzfx.png,0.485633,normal,f575967e35c450a18d03122707fdc0bd934574344a05c582deb0a79d83d2542d
DdQMyxkfHuoOFEURZTBi,1,train,images/train/class_1/DdQMyxkfHuoOFEURZTBi.png,0.078022,normal,1b8eb288c2176e440a82ed5ec6fdd4b7d1231c4229ab078334bed43053246d0c
DeNw5KicW6YRnFjQbmaE,1,train,images/train/class_1/DeNw5KicW6YRnFjQbmaE.png,0.022212,normal,bff62d74cbd063fbc039a8f4802cd3eec757f17aa0417b2b7b685ab0062a05c1
Di0ceNElhvZrdMRgbyYX,2,test,images/test/class_2/Di0ceNElhvZrdMRgbyYX.png,0.001158,normal,6dc2eb460868d1f63ea35918b4feead601f2aa312412dd0fb45f45315e40c58c
DibnkXflY49wcOpo7vyK,6,train,images/train/class_6/DibnkXflY49wcOpo7vyK.png,0.028501,normal,bdda3219b1a92ecf2308561d9ed85f6a9f3ed4b7849d9bcff68014adbb13e7e7
Dj3FqX9IAHco2tG1UOZS,5,train,images/train/class_5/Dj3FqX9IAHco2tG1UOZS.png,0.882362,caution,12e19afc88cd83b0309ebf53b58dbb9f0654a4c560a383d4271cbd63d70ef704
DkNYd806tFbgoJ4zf1UA,8,test,images/test/class_8/DkNYd806tFbgoJ4zf1UA.png,0.067446,normal,e75f23d93b292ec3a7f53004419c14e2fa0e9106ee5c88d544ee3e5e5054fe0a
DkaztyF2x9RE0sm5PMhA,3,train,images/train/class_3/DkaztyF2x9RE0sm5PMhA.png,0.74235,caution,efadff702e906ce1b8088244298aa63b7ee5e09c1903c2f7ecab2630a641dd01
Dn4rZAFdVq6gHktTziEC,7,test,images/test/class_7/Dn4rZAFdVq6gHktTziEC.png,0.994799,review,44be44699d08120b98e4b9cf9943f86d9d51caf956a947b0c17f4cedeaf59a19
DnSqtl6oksRxOwP8g0AM,8,train,images/train/class_8/DnSqtl6oksRxOwP8g0AM.png,0.770387,caution,6981f3ab355acfc750e16ced983e4452b0b52b2be7f5cb6fc2af9c5210359482
DohL5RXbrCuUNZtM28x7,6,train,images/train/class_6/DohL5RXbrCuUNZtM28x7.png,0.000705,normal,969ecaac267a8e0c39bf8cdb6a86dc9dd568f806bb23b94f1cab5264291992cd
DtFJrH7gBuWNsV0YCbvR,2,train,images/train/class_2/DtFJrH7gBuWNsV0YCbvR.png,0.0802,normal,b733424fb972b52eddd1314bf83f74ef456dabfa874e1ac9fe25ef7214c94252
E15YPWfDswVaxUlCdyoe,8,train,images/train/class_8/E15YPWfDswVaxUlCdyoe.png,0.737253,caution,52f509a0f4cc97856f230c8c9b8652433c83552948d6c5a667e98a2ec0978784
E1ALI9eYXgG2Nk0HOoby,1,train,images/train/class_1/E1ALI9eYXgG2Nk0HOoby.png,0.159103,normal,0c7870ff6cb712f4d550c5d70fc695180c08ea2d3a2619e9d67f8871f1d4771f
E4HJzxXgY8B19ZADdtoL,8,test,images/test/class_8/E4HJzxXgY8B19ZADdtoL.png,0.070943,normal,abc22ae0bf6506787f7e1d382427c74485f0515391829a1e2094d0e18d4b9f67
E5LXhtYsZMWfA4ebSVUk,3,train,images/train/class_3/E5LXhtYsZMWfA4ebSVUk.png,0.74235,caution,2a04c330f83d28869312902bc3d1b7e5bf96242b63564a550ed63d5f98e49429
E5SkPYDzxpyMwtXTWZ8a,2,train,images/train/class_2/E5SkPYDzxpyMwtXTWZ8a.png,0.006589,normal,7911761b82f10b9218248adf039cd6a46537c881f147c933bf5abd9e464c6e8d
E7QxgmVGInW4LClbyA5w,3,train,images/train/class_3/E7QxgmVGInW4LClbyA5w.png,0.635556,caution,3444d4e91b64db4cfe762cabeac4595f373632cfd9630fe30682fee195fcf940
EB0d2fJGLHam1tQCUDWu,5,train,images/train/class_5/EB0d2fJGLHam1tQCUDWu.png,0.707013,caution,dbf38d93fd2b0a66d95628d00fc096f64cc7cb854d402f27f0c0608c028c3186
EC82QvRNxyZOiAKhlo0V,6,train,images/train/class_6/EC82QvRNxyZOiAKhlo0V.png,0.001083,normal,22fe4428f8838c0190395241e38fb82b4652b9ddfef9e7b9cb8a87bd029c4ec2
EFyS8WGvdetUPbqiBhID,4,train,images/train/class_4/EFyS8WGvdetUPbqiBhID.png,0.435573,normal,5f0a0e3ca9649d199301bf6710e58fd17b1180644d8a2d2f9f34b318c9d27cce
EIhQGg69bACYPNXBSxy5,8,train,images/train/class_8/EIhQGg69bACYPNXBSxy5.png,0.000359,normal,ed1effdc039f0df30bbb04bc6cecf2d5a7923958b85f0b894b3295ea47b0dab9
EKmgShQsf6a9vY0znNlU,4,train,images/train/class_4/EKmgShQsf6a9vY0znNlU.png,0.405356,normal,9c88f611fb40316b6ddcd7da653475a0565fe11ddfa0162bcb638a3019890080
EMo7F2Xe8pgWKZfwhHuV,9,train,images/train/class_9/EMo7F2Xe8pgWKZfwhHuV.png,0.001237,normal,da235c160a4c453785b5d27bb8646908678a2564053ee1cfe4d3cf054842b181
ENo8Xj5AOMHw2LDQuYB3,2,train,images/train/class_2/ENo8Xj5AOMHw2LDQuYB3.png,0.061552,normal,587efab0fb2e8d8a5dae6bd370bf93a111eeea1a23996754604f369885c1dbfd
EOeh6tPNzBog5vQRMF0r,6,train,images/train/class_6/EOeh6tPNzBog5vQRMF0r.png,0.341083,normal,9a3875e5cecab61fd9208f08a1911b81f409101cacd814309061f9948cb09568
EPz8I26gZmCOiGbWXwhx,3,train,images/train/class_3/EPz8I26gZmCOiGbWXwhx.png,0.635993,caution,0507bdf85a1182dc8dfd909fc1256dbd7dc8577eb20fb092c0c9f1c5b33e93c6
EWjvFU5GXeSaHzxBh0f9,7,val,images/val/class_7/EWjvFU5GXeSaHzxBh0f9.png,0.0,normal,a3cfa8694a258f5f352e93d9e48270068367a47b673d611284da7635ac2b2834
EXJvSznUcQjwyD4rGCNq,2,train,images/train/class_2/EXJvSznUcQjwyD4rGCNq.png,0.003312,normal,7304fa165fbd525ba7c07c3a81721caba51d592ae3c7aad5ec0256f04476acce
EYJryk0oKhPwRNbWuIUz,4,train,images/train/class_4/EYJryk0oKhPwRNbWuIUz.png,0.333368,normal,e11902bab3cb9aeeeb36024a9b737bb6cda3a4dbd0c0e939b43c8019111a5887
EYhwV1UDBWaJlxNveuRp,3,train,images/train/class_3/EYhwV1UDBWaJlxNveuRp.png,0.635119,caution,a5f36b06b5236b09fd434178152ae996935feb7583087b36f2d2491a7821f245
EdT3lQiGHbzmrX2L1NgD,4,train,images/train/class_4/EdT3lQiGHbzmrX2L1NgD.png,0.310181,normal,6d167b9097b7a8e7356880d7238003a4f21ffcf8bbe4d4b92a14bd29aec822ea
EgJw2tGHKzZ3YeR85aID,8,train,images/train/class_8/EgJw2tGHKzZ3YeR85aID.png,0.070943,normal,b0f5efff07eb3e04291c7fd524e405243e8ffd45ac7a4824fb8d2b6e78a03cb4
EjnR6Llw4p7sQkJWYiBq,6,train,images/train/class_6/EjnR6Llw4p7sQkJWYiBq.png,0.032237,normal,984ef34d9ff093159918ecf48607dd40696957e1c370406c100ce17a81d3078f
EpVF6whltPArouQzvC34,6,train,images/train/class_6/EpVF6whltPArouQzvC34.png,0.039349,normal,245399b973c208b5f9d61a77be5c67102fb66b407db66abb91b1a549b9e40712
Er6sn81fNIRqa2Db5pTu,2,train,images/train/class_2/Er6sn81fNIRqa2Db5pTu.png,0.006778,normal,7af6fb5739fa0f422d8d28def42a7ccc0e59b902d3bbc210be985b2f64021c9f
EuH31db0IYoVintDaL9v,1,train,images/train/class_1/EuH31db0IYoVintDaL9v.png,0.128927,normal,7afd4eeaba48644f7baa09a2798798ad626a18cd35e168cd0b40403a2b1f89ca
Ewi4DkoMZnX32pfdhRem,6,train,images/train/class_6/Ewi4DkoMZnX32pfdhRem.png,0.001245,normal,bae651003c7d65481ae8786d4e01e89bba66642eb3b06b7830bd01e5b6b87f92
Ewn8395kMeDfBKxXJQd4,2,train,images/train/class_2/Ewn8395kMeDfBKxXJQd4.png,0.010759,normal,e94a17955b39fcea6a4db5f66591b9a460531263e741794f379be45087628e26
ExVywGIrOR8UiNtujSXh,6,train,images/train/class_6/ExVywGIrOR8UiNtujSXh.png,0.079434,normal,2f64c4afc39de41177d4e94a62955e3534d20d36251b4b26acab64743518c966
F1BvgrkuXq6zEfUsHAVG,1,train,images/train/class_1/F1BvgrkuXq6zEfUsHAVG.png,0.017703,normal,6367651716363f5be1cf65194281074e85606596c842e5d046641e434ec0d141
F58JACMhQPSYrdxqBW2p,7,train,images/train/class_7/F58JACMhQPSYrdxqBW2p.png,0.0,normal,21847e2d5f923ed498d8677e07b8faba5c6a727bb92a5a94cdf892661d76f83c
F6nOrb9ipd0SskWuJjUw,5,train,images/train/class_5/F6nOrb9ipd0SskWuJjUw.png,0.583789,caution,ce96487ee25c92d2ec5db222af5925d6b30fff033930ecb971bbdef4564c62f2
F8CeVXzxLhnjo0BHATPZ,6,train,images/train/class_6/F8CeVXzxLhnjo0BHATPZ.png,0.01328,normal,1e6fa516dc3586e46e0baaf8a48189dc2836f6eb7b4209ccde84a8e6a6e40db7
FAMI9aEG2hk8BKeNYzmZ,9,train,images/train/class_9/FAMI9aEG2hk8BKeNYzmZ.png,0.000385,normal,ad407bfe102cc1290f39e0b38553615ccc1f0135681a344891b158c1fae64899
FBUMp7LZTP5SD82xyAWG,6,train,images/train/class_6/FBUMp7LZTP5SD82xyAWG.png,0.051111,normal,4c156df5cad2e47c4be1e34a59d362cd05e45e19ea878035f193cfa8f62ae04d
FD0QUxGhmurO9Y6bITAj,4,train,images/train/class_4/FD0QUxGhmurO9Y6bITAj.png,0.517015,caution,c2e29a44a9712d7298275ee79a3732c4b267af2f6b3af30038169500b86eead8
FDHjobQnCUSs6atXldJL,7,train,images/train/class_7/FDHjobQnCUSs6atXldJL.png,0.99242,review,15ec4aa1734488dfb3d1ed7ba792c101eb7bcc0b8edbb1a18e55ef8340d7628e
FIxgyKhla8MGTcAf7Xur,8,train,images/train/class_8/FIxgyKhla8MGTcAf7Xur.png,0.644107,caution,8cc2889c5ce695b3dfe4bddb5968fa4520dc3e917b2aceb95e297b4ea2d74bb1
FNRvlymt10cLEBADOj9u,7,train,images/train/class_7/FNRvlymt10cLEBADOj9u.png,0.99242,review,5589cbfd06b738cd90848421dcb0e23165dad4f5088a812f5a53e9efebe4b277
FQLZtVfKGT83YewqPjiI,7,train,images/train/class_7/FQLZtVfKGT83YewqPjiI.png,0.99242,review,8a00681b7696d1c7c9bd5716e8830777dd1aa7a457a1530d9b53b8eddf6032ff
FQvbKakrJtVAs1oqd8cS,2,train,images/train/class_2/FQvbKakrJtVAs1oqd8cS.png,0.003897,normal,e98d18647c9ac6c04e3af9c513a43d96edfe23815c6b8eb422b68e1f0928b0bb
FR35AhkoUflSTdIs7bvi,2,train,images/train/class_2/FR35AhkoUflSTdIs7bvi.png,0.010957,normal,5572313d98e52f67513f7a96e694e4b0c0aab79b5cd38c797f07c3576eac86bb
FRzN6ZiS5KU3Iyql2sc7,9,train,images/train/class_9/FRzN6ZiS5KU3Iyql2sc7.png,0.020225,normal,fa669f27c45cf01ec90c5ecda98aebca8ea34b65d51093f4e88e52e868028e36
FSMegdBp4jGDmah6vCsr,2,train,images/train/class_2/FSMegdBp4jGDmah6vCsr.png,0.007474,normal,60fb6fdcd256495b33e4b76bb5eb0e9e6a3cf19022fb2e3f2df51883c942769e
FWdX4sHo6lDgZBzGKymf,1,train,images/train/class_1/FWdX4sHo6lDgZBzGKymf.png,0.001704,normal,4752e357b909a14f8795a90bb9f6929a7e688ef3d1dab835fdf0ab0602557511
FXGvem2ls1xYbt7rkN3u,7,train,images/train/class_7/FXGvem2ls1xYbt7rkN3u.png,0.387466,normal,7ce23317b01cf06e0e36a0dada05ec6b767bd33491a849bac4d5cf5e9303d9b7
FdiEeV3N8WtUSXjmcrxo,5,val,images/val/class_5/FdiEeV3N8WtUSXjmcrxo.png,0.681109,caution,f8b41a9aaf4c77cf5c136c346c7ef106ba9fc7b01897e3d9f04f07182aa33b1d
Fg8vNxDcn4oRuG3MZ0d1,3,train,images/train/class_3/Fg8vNxDcn4oRuG3MZ0d1.png,0.74235,caution,a7d4acfb14d348d5831c95d5f9918bbfbaaafde49e323924f55b6a03c7a88a01
Fi4uPsNg2TcG95h7JR0d,8,train,images/train/class_8/Fi4uPsNg2TcG95h7JR0d.png,0.047493,normal,c5dfeeedff3a0ab8b3150c53ffc4320901bd2ae0c0c045dcffbb8700b41c60e7
FiHCdZeLuSOWcQBv8yKm,9,train,images/train/class_9/FiHCdZeLuSOWcQBv8yKm.png,0.007623,normal,fff123eb1c34d092727eff48f75b60bd9913ac182a59eedc1e51674ac5d5cea4
Fiq2TudjL5KZAoBScWvJ,7,train,images/train/class_7/Fiq2TudjL5KZAoBScWvJ.png,0.991185,review,dc4387a2423d10320abacbcfbf6508a7a149f82b6a114c9b4e0304dcd81c0b41
FmUz8pwNlXgbS7DW5yre,9,train,images/train/class_9/FmUz8pwNlXgbS7DW5yre.png,0.003111,normal,00f0ff7027d18ceb337e99ddd8c396946afc38bd13ffd51defec6202ba09a731
Fmgw4Qj1asTx0fS6Hvb2,4,test,images/test/class_4/Fmgw4Qj1asTx0fS6Hvb2.png,0.526221,caution,facbf70d4dd6d7b069a6a42bef91a5510dce824749e1d9abd15e8d43a166aa1d
Fnda3PuqJT6Ep5vjOWCk,5,val,images/val/class_5/Fnda3PuqJT6Ep5vjOWCk.png,0.971221,review,0b2ad158cca1516aaf82ab86e9c2d4cf412d8bfab76fc291d6cebc3919094652
Fo3l7eAEM4XDmKyIV9tj,2,train,images/train/class_2/Fo3l7eAEM4XDmKyIV9tj.png,0.002184,normal,5b034ae4faa0c596864d892c50d5cf5943352216266d4d8a9f521c607a06e665
FqEZWbA3xlSf178hYjMn,4,train,images/train/class_4/FqEZWbA3xlSf178hYjMn.png,0.448961,normal,4c2a4889562c877bd2df9cf4978e053ac63ccff3d9140cfc8d5cf3eb05e9c89c
FsirpP0oDwXeAzC2KndG,5,train,images/train/class_5/FsirpP0oDwXeAzC2KndG.png,0.266432,normal,516fb213714406a7f27651b5cfd2e1a6955b98adc07b4c02339e8e30262828bc
Fw2DKBfl05J4xkoArtU3,4,train,images/train/class_4/Fw2DKBfl05J4xkoArtU3.png,0.533527,caution,076039c3ea58cc6661d564a29c294b3846d8d5659a0f80ea72b8f4ab3306d979
G1VDCsLj3X8FTW2yzgO0,3,train,images/train/class_3/G1VDCsLj3X8FTW2yzgO0.png,0.636649,caution,82fd5f646f386d378dee152d800cc3fb5307b1fa2eaef2f4e947ecaa61c0cc71
GBUMvuwR3QHfLSipOohk,6,train,images/train/class_6/GBUMvuwR3QHfLSipOohk.png,0.0683,normal,ff6a67b2914447da46b9250343251573ce140dbec03f45c30787a8cf9779c07f
GBi3fRHvLPWz5kStU8hu,2,train,images/train/class_2/GBi3fRHvLPWz5kStU8hu.png,0.007565,normal,ff24d8b0128f93e21ef12e7e2177ed9406e608ce5e5935814248e69fad4253c8
GBpWNc6frYvmq57wyxgX,4,val,images/val/class_4/GBpWNc6frYvmq57wyxgX.png,0.377797,normal,445d61bdc95991249dbb92de3bec03fca68ea9539a608f26d49f4fd495a9cd0d
GEfcnxDQbBIuid5UrMoy,1,val,images/val/class_1/GEfcnxDQbBIuid5UrMoy.png,0.095568,normal,af9227d8e99b6a1db5bb04bd4681410034982f965cc4a0f8126bf9b3f0db137b
GEs5ryOXjLYVdAM7qK8z,6,train,images/train/class_6/GEs5ryOXjLYVdAM7qK8z.png,0.021751,normal,c5baebd49800dc32ae8ab3ab7066b429a2830722ea016a5291eec86db1cbb952
GHfp03Ls1VE2bjXulTqZ,8,train,images/train/class_8/GHfp03Ls1VE2bjXulTqZ.png,0.070943,normal,ee8dc93c1c7069d9ddfff4b6b98889c0941436423613e4e815bf62ddb99718ef
GHwiU2dzIQBjApR8Kfhn,2,train,images/train/class_2/GHwiU2dzIQBjApR8Kfhn.png,0.161702,normal,0c841cd55cdcbc39200d13c319c6576dae59e2122cc97edc76f782b5e3741ffe
GHyIqK3kbD7SvBftzaYo,4,train,images/train/class_4/GHyIqK3kbD7SvBftzaYo.png,0.583889,caution,d38c885fb3c59992a0351948f77c9faa350a8f7006b276e9024855d95ba804ac
GKE3r56OmluVYqIZQihx,3,train,images/train/class_3/GKE3r56OmluVYqIZQihx.png,0.485961,normal,91803dcadda7c8fb9519d0b52a59bcda8cd3937fd029db9e6a48dbfaf540a9fa
GQjf5BRNoHmXzt91hb0L,1,train,images/train/class_1/GQjf5BRNoHmXzt91hb0L.png,0.002747,normal,32712986bc11066bcb61067f385672b2d41405e72662a2401672f61dce26a763
GU32g0fBF91xp7JqNXHY,2,train,images/train/class_2/GU32g0fBF91xp7JqNXHY.png,0.002259,normal,d65a1469960d928d1bcf377ce6d34b5a41d8f8bae40cfb60fcaba98fa02cafeb
GV7WShk4vjpiKqbEBgsr,4,train,images/train/class_4/GV7WShk4vjpiKqbEBgsr.png,0.410883,normal,684f2414ef6a5750c580dfa9dc4077167775c4945e3b61dd6b5b44698c286b1f
GVeSwJETaiBybNsg87xC,3,val,images/val/class_3/GVeSwJETaiBybNsg87xC.png,0.635993,caution,3a091e3b34833aecb66bcf2b24b750d8efc1987cd0785a2ee994f57827d14c6c
GXFP0dYvns5NoQtIBECf,6,val,images/val/class_6/GXFP0dYvns5NoQtIBECf.png,0.018173,normal,60d0b489c485b099fc0983158816aa786d9bcaf448f49d73fad7406e8bc737ea
GXteK0J692hS4YnpNzWu,6,train,images/train/class_6/GXteK0J692hS4YnpNzWu.png,0.031432,normal,77dd60257378f08fb70b3a100931755a4fc1a180660bf96d1afabfb05603abf1
GbC6TFsQUBoX9irS8nMa,2,test,images/test/class_2/GbC6TFsQUBoX9irS8nMa.png,0.119192,normal,7877733f4eb622746ad598f16a100d1069022b0da6ccd066e077405d49bcce1a
GbTUXFYkMoafQSe1zN94,5,val,images/val/class_5/GbTUXFYkMoafQSe1zN94.png,0.765568,caution,489b0cae049661abeacb8923f356678692928154ede9ad25ccf00aec928b707d
GewamPurl6D0Fs3zvbon,4,val,images/val/class_4/GewamPurl6D0Fs3zvbon.png,0.449134,normal,0a419aad665b535295994e409d6b83bbe88b896f4cedbf2b5d5787435926ab8a
GkMBlvTidr5oyYOVJCwc,5,test,images/test/class_5/GkMBlvTidr5oyYOVJCwc.png,0.831062,caution,8de67eb133436e5f531887f5674e40d0ed5c9244dc6150e4398a12dc2f63a53f
GmH1ULjobZKMkcVRyqQs,8,val,images/val/class_8/GmH1ULjobZKMkcVRyqQs.png,0.701807,caution,bc8ab69db9626795712a9897ec870731fef29bf7e1b2885cf0e397a6966a89dd
GpdqLhNUiH9tZn5zxTEg,7,train,images/train/class_7/GpdqLhNUiH9tZn5zxTEg.png,0.99242,review,b4022d64b6e099c631ad3bfef561e41e6f2801560d8d468dc4892cc69333ed37
GxK7nfY1mOrBNDepqWj6,4,train,images/train/class_4/GxK7nfY1mOrBNDepqWj6.png,0.359801,normal,afb0dee69d21419a9b59753abb57af43ef90f4ac1c97d2ecb4e3001efe853c38
Gxk6Z5edAo4tUgFD9OsR,3,test,images/test/class_3/Gxk6Z5edAo4tUgFD9OsR.png,0.636212,caution,5e87e4cab662607448a5a0cb2198d67d1e6948f99330e7fe557c859592f19ae4
GxlJVp3SyrY5vKOd9QgR,9,train,images/train/class_9/GxlJVp3SyrY5vKOd9QgR.png,0.729681,caution,b0dfe26c0fa09011da3c8fa741dbcff37959d8b656eda71e6991e3ba4831be38
H24gZfhreXtDJMjo1ISx,7,train,images/train/class_7/H24gZfhreXtDJMjo1ISx.png,0.992018,review,97283c40b23748e4cd786b3db86a5c4dd39d7a3e4c3e6c04773958b02802bce0
H6Vad3u8gEOPbwveYCrF,7,train,images/train/class_7/H6Vad3u8gEOPbwveYCrF.png,0.99242,review,1ba0bb615b47b9dac4442048446c9265c3a7390791ad021814cf3e20086cf26d
H8dnb7uFRMm01jqDYWC3,1,train,images/train/class_1/H8dnb7uFRMm01jqDYWC3.png,0.124624,normal,dbe50deb913f85780900dbd239fa6f47f6ec3ce47e989404ce8d5b83dc4087ef
H95BXlwhOQPirqy4YoRn,6,train,images/train/class_6/H95BXlwhOQPirqy4YoRn.png,0.108458,normal,10f7205222329487fab7f7a90712a48374f0f43ed10965ce04f377de23616a7b
HJt1Mc578nYFBDdKNkVu,8,train,images/train/class_8/HJt1Mc578nYFBDdKNkVu.png,0.047493,normal,b3b244f5607523d4789e8c47a409fd378debbdfd1842293cd54f4720c44ae842
HKD6kbY482MvpV9saOhi,6,val,images/val/class_6/HKD6kbY482MvpV9saOhi.png,0.03356,normal,7213490959c37574ef32f3626155a128fb96e538362dde5089da00a8fb916f85
HLpXtJWqcKPYl3bdQzEG,8,train,images/train/class_8/HLpXtJWqcKPYl3bdQzEG.png,0.070943,normal,4d98d33d7116715fa29a6af78c53fdcd4a914de445db1126585dbbbe8f06db3b
HPONF4CalK7MzhrRtewg,3,test,images/test/class_3/HPONF4CalK7MzhrRtewg.png,0.66178,caution,43a9adc5dafc37515ee3526a24fcd59e3340218dd9f1834812a03bb1135857f5
HQYDIEBFLi8hM6RP5kWw,1,test,images/test/class_1/HQYDIEBFLi8hM6RP5kWw.png,0.087355,normal,5c5f20bd93cbad31fd0f22253163e88175dcfde7ac7dcf4ebfa8cbf256d754d3
HRE9TjDJgZl6LcuV7yKn,2,test,images/test/class_2/HRE9TjDJgZl6LcuV7yKn.png,0.00459,normal,9f765482ab2d6a23627f0466915c987505466b07a69fc3b3ab45422c60cd9704
HRL1PvrNMO70Gojpsexf,2,train,images/train/class_2/HRL1PvrNMO70Gojpsexf.png,0.005477,normal,1480c86ebaca86d174b641ed0287981edb80a6d7362ee3ccab16b8f7444e752c
HRabWnUoX7zv8h16F3Q2,3,test,images/test/class_3/HRabWnUoX7zv8h16F3Q2.png,0.636649,caution,85abaf8b2a2636d8dea40f1e086c8aad3284ad5da2be38aac3e529111c182b6f
HT1oyBYIg87K2kPuaqEZ,1,val,images/val/class_1/HT1oyBYIg87K2kPuaqEZ.png,0.003581,normal,2d8a2803e3a0a941dde6bd3b0ccffbeef513bca600a42a804cbcd7bc1849ad21
HYXoC7FRisqWgwP0EjLK,9,train,images/train/class_9/HYXoC7FRisqWgwP0EjLK.png,0.022827,normal,eaa2088ce9a15a469744143a0e3ba05db105835be76ce3003126dc6a863422db
HZI8SimVhNLz1JD5fbyW,9,train,images/train/class_9/HZI8SimVhNLz1JD5fbyW.png,0.001501,normal,52f4f5f8b6aba849376840b9bdbd074f40e610e1f55a0db00e704d03990e1404
HaxgVnrql4bk7FEot9Sm,7,train,images/train/class_7/HaxgVnrql4bk7FEot9Sm.png,0.023384,normal,b404067d0443b99171a3c4278a524fb3c0e17a09f73a4d35dd46f613c966912c
Hc5LqZVK2yzlsb8BEfdO,5,train,images/train/class_5/Hc5LqZVK2yzlsb8BEfdO.png,0.8761,caution,8741360ddbd022662f5e8fa746e1f15a7a4893e7096bfe36bcc388b972833e76
HeJ3ZCW4yLRrdktsnKo1,4,train,images/train/class_4/HeJ3ZCW4yLRrdktsnKo1.png,0.3817,normal,84dcf0aeb18e5bd1afcc7fc22ae1db96a2d4d9d0fafaeb2d1003338c2e8985f8
HeSRou1ZPv5rNK2Wnzmx,7,train,images/train/class_7/HeSRou1ZPv5rNK2Wnzmx.png,0.994799,review,70bd542e7e890c1285fb1fcb23a040b637fa69edaafee64bf11af5b77384261c
HgoVMZFR7racUO2EA4tI,9,train,images/train/class_9/HgoVMZFR7racUO2EA4tI.png,0.001976,normal,21c0c22d41ba5fbf59c41b386224bef05e69515cd678ef63bb4bc1cb37679d65
HiXUclzIL2rEutjB74Nm,7,val,images/val/class_7/HiXUclzIL2rEutjB74Nm.png,0.992462,review,85e9843361d2eb205943a6910aa89f28a906215aedc20f6274cbff79d76ee044
HipXT3fGelugcbwKmkCv,1,train,images/train/class_1/HipXT3fGelugcbwKmkCv.png,0.155223,normal,6ce00538f88adb3d7aaa20871ad149567f958dc627ae90449dc76db2342d5ace
HlRnpWyuP37okUqjdhC2,3,train,images/train/class_3/HlRnpWyuP37okUqjdhC2.png,0.635993,caution,e29095e0812456d2009ae3564f2643a0fadb824fdb513033410eeb2194f4d0c1
HlhIyxPo0Ozd9eSkw7RY,3,train,images/train/class_3/HlhIyxPo0Ozd9eSkw7RY.png,0.637501,caution,2d82c7c0e6ee655d87fb0122cc6f9d1969c2c800cfcd9ab4eee7caebb97d25c4
HnCIJEd3foNTBUtSv7wK,6,train,images/train/class_6/HnCIJEd3foNTBUtSv7wK.png,0.104034,normal,0546bee6e7d413b72e82c6b80be082668d5b462f6e49243eea1ebab845b2920d
HpMdj30s7EDPkiFLWvYy,4,train,images/train/class_4/HpMdj30s7EDPkiFLWvYy.png,0.406912,normal,02d21af7ae39a9c0b2e8e7aa5c88e1fc6ce77988e8419486b2570b29163cc93f
HqX48iTlfj6goR3JFWwG,8,train,images/train/class_8/HqX48iTlfj6goR3JFWwG.png,0.056738,normal,9210955ba104fb691d17dec79e07b370fa6d27fe8775c085aa77ecd4f54568a9
HwOsZC4B8VSEXoa5WyqG,7,train,images/train/class_7/HwOsZC4B8VSEXoa5WyqG.png,0.991513,review,e632cba8d48176d950ac427ed478b6f8aef6d969d3e23e2c1856be98a22f99a5
Hy8L53hUREkZMs1PnlSY,8,train,images/train/class_8/Hy8L53hUREkZMs1PnlSY.png,0.047493,normal,6451b1103c4d8fc8aec2936bd89b1b96a87c4f5cad510d2eebd885640c12db6b
Hz8NEvBRqL31AdfQgmFn,1,train,images/train/class_1/Hz8NEvBRqL31AdfQgmFn.png,0.000279,normal,f79afdcddce07ec7971e48f48163985df0b96aaf0a12246da7b65e190539b44c
HzGMQNh0jB814iA5DbYI,7,train,images/train/class_7/HzGMQNh0jB814iA5DbYI.png,0.991185,review,35ba0c489e4458f9c7ad9b6c518e03b643397017e4c0176e79599badf7496c9c
HzjUnQe2LAZmiT6EhGgo,8,train,images/train/class_8/HzjUnQe2LAZmiT6EhGgo.png,0.035579,normal,e994e7f30fd51225d1f8956594210f9c35d91d47be66e5197552fa963560d691
HzvWS4IuPE9idXmlgOAw,2,val,images/val/class_2/HzvWS4IuPE9idXmlgOAw.png,0.0922,normal,f7aee3e998d9667a6043a8a82d4d262fd9c06f91d0652d8a5fd0f72bb86276e5
I0hLEDxSFoykrw9Me8Yq,2,train,images/train/class_2/I0hLEDxSFoykrw9Me8Yq.png,0.007181,normal,4c9258916519036cc1ca274940572d586e263f14d184ae681fcbd3a0bd89c183
I2ZH0sW5hT4aDKwo9gR3,2,train,images/train/class_2/I2ZH0sW5hT4aDKwo9gR3.png,0.003736,normal,c57412df3a2a8b935f753b61483d0c11633fdb7c60aa07a3941bc1aa02e9bfba
I7LJAB2rbs1XKMYVmvdx,6,train,images/train/class_6/I7LJAB2rbs1XKMYVmvdx.png,0.607758,caution,6411da3aadf0b6473e23d7916dbb139d24c0f3f7565059cc2f11f8d869709c66
I7uOWp8RalsZHt4mb59h,3,val,images/val/class_3/I7uOWp8RalsZHt4mb59h.png,0.636192,caution,c73270f5ecf8e396bdb3464f66f9b1b4cab5e49a23f5901a29874ff08f3a4257
I8qMJAXkFsO9CQzxvjK4,1,train,images/train/class_1/I8qMJAXkFsO9CQzxvjK4.png,0.022234,normal,cdbac90cc9148369bdda5c461b4aa1dec3bdeeb519a18f9d00eccd2f0cd29476
I908mGcdwzlf6oS3QOFT,6,train,images/train/class_6/I908mGcdwzlf6oS3QOFT.png,0.018472,normal,302723e4029e54623209bbe89d19344c916e642d4c46455d533ee2e80a77a4e0
I9yrDjPY4kMqU8czFRmv,6,test,images/test/class_6/I9yrDjPY4kMqU8czFRmv.png,0.037836,normal,de29944bed4b7e8ee3801acef2fea0f83692778f06edb20e47663701bee82346
I9zqNg8Bj7RECDreiUX4,7,train,images/train/class_7/I9zqNg8Bj7RECDreiUX4.png,0.99242,review,b347a408d03a72cc7dd0993da4a83565752eb49d5c85ea4cc3b9ebaa9c4b9289
IHimG98vhtXQ0DF24r6O,3,train,images/train/class_3/IHimG98vhtXQ0DF24r6O.png,0.637501,caution,a16ab1e390cc82c7569df078e85a05561a9ccf047987b35c3794e18c6f2bebcc
ILTHy6snFQiapuxbXS7R,4,train,images/train/class_4/ILTHy6snFQiapuxbXS7R.png,0.0,normal,8f34e5857986153c973a8123f49e3504329811f91667a1c0ddb0adbe4f0528eb
IOPgsKcr8nwu3kaW5HUM,9,val,images/val/class_9/IOPgsKcr8nwu3kaW5HUM.png,0.005098,normal,a64df8cc66382f22e8db8b0f8def2ce486bd2661242562eb2259bb4dda9d2935
IPtWyJAjkcHm1dgaQr7f,8,train,images/train/class_8/IPtWyJAjkcHm1dgaQr7f.png,0.659697,caution,135bc2f956510cd25ed12a3bd7dc9df6001433f32eeeaee7cf89938307897912
IPtfXUCL4eJc7xsOjv1i,2,train,images/train/class_2/IPtfXUCL4eJc7xsOjv1i.png,0.004267,normal,4e95e16ba82749f21e63fb5eac2e3ae836475584e85487820048a57ff63840b3
IQuKqwWjoiG301AeblVD,3,train,images/train/class_3/IQuKqwWjoiG301AeblVD.png,0.74235,caution,0745cdb2479deb96a3dd324014e6b5e4ed797c1bdfcdb33f63e606eff78381b6
ITPGq9AXn4EZKmYeFpuB,2,train,images/train/class_2/ITPGq9AXn4EZKmYeFpuB.png,0.005649,normal,e7cfcb96f3d5ca95ef2276dc363b659c5f3c4d921303c899b916a86930ed511b
IUVTHk0fbcLtrx91MeRh,9,train,images/train/class_9/IUVTHk0fbcLtrx91MeRh.png,0.010634,normal,ef830b4ae004a54d8829cb8d48d76e7c920f9abc988d99f49ad64a1641eeaf3e
IVk2Scu69wdmQ7tEO8rY,4,test,images/test/class_4/IVk2Scu69wdmQ7tEO8rY.png,0.378773,normal,33648dffa2cfece8ae5a3c9520b3b02d235cacbc6ff1af4941038b0c7466e018
IYFTBN6LCn7SEQgbPOaU,3,train,images/train/class_3/IYFTBN6LCn7SEQgbPOaU.png,0.636192,caution,51fc7f6b1aa8e0c1ff8668cb49f39404dd83fcc42063cf5251faf0e9491df233
IbALBFiNrcgEW0h3Ow9k,9,test,images/test/class_9/IbALBFiNrcgEW0h3Ow9k.png,0.016833,normal,bda3d3ddf35ba11a07de2176ffdf5e67ec2638e98d47054793d4f8b0b20e63a4
IeNRm6SYBKxiWPsETau4,8,train,images/train/class_8/IeNRm6SYBKxiWPsETau4.png,0.056738,normal,cee57f69282062d4598c7ce8b63760931f14ccaeec2e82c6e7ca8c26293d5f4c
IeSLbp1rGWqQAvPX3T2j,7,train,images/train/class_7/IeSLbp1rGWqQAvPX3T2j.png,0.0,normal,7de1995d5db768320458a7d203e2a9bb0333562813ab6ebb30dae8f2d5267e73
Iec3SYD4Gimhob1xQ7sV,8,train,images/train/class_8/Iec3SYD4Gimhob1xQ7sV.png,0.496968,normal,1bd016e85061993dffadd9727ab2bb1d0b74a223381961b440fc402452c99039
Ig7mTKfQJ13ap9xriVjM,2,train,images/train/class_2/Ig7mTKfQJ13ap9xriVjM.png,0.005424,normal,7d66e0655db4399f263faf7b766c82d6175ece4e5d67dc0f20880af7eb148307
Ig9ZEaGmMrT1lHJhRPQx,6,train,images/train/class_6/Ig9ZEaGmMrT1lHJhRPQx.png,0.000337,normal,e0186959dec14eccae03e9e123a7d8df0f26a36e59f15900a5f19009b0d32a8c
InKeBl2Tt1Oy0qaLWXRg,7,train,images/train/class_7/InKeBl2Tt1Oy0qaLWXRg.png,0.003544,review,97f622f9fc686e3f679c93bcd4aaf00be13f071bffe1c5a72e7f0d958a5fd780
InV3KRNESFBqMHUDabGw,6,val,images/val/class_6/InV3KRNESFBqMHUDabGw.png,0.000891,normal,974a8e50bc511c02c5053448c89efc50478cea19f4ca1bc1fd059763ffc1d255
IndbLEkgMT0ZXa7DS4YH,3,train,images/train/class_3/IndbLEkgMT0ZXa7DS4YH.png,0.486288,normal,06ed75c20f6160804d73cb97dd9bf6057bdc2e145d433426fd5da74ce55a0d83
Ip4oy5W8U1FbGrDnPajq,2,train,images/train/class_2/Ip4oy5W8U1FbGrDnPajq.png,0.053071,normal,3a53a3aa7b42afbddb2551137202ff0bbedf39d94165b8a432ba226cefd5a882
Iq6zLDfSXargmVQAZbHl,6,test,images/test/class_6/Iq6zLDfSXargmVQAZbHl.png,0.533862,caution,a56545e0c40ad5cf61bfb94cbea03efb80bcbb672c106280c5e44856171122b0
IsSfM9LGyi5c8uP3p7hJ,2,test,images/test/class_2/IsSfM9LGyi5c8uP3p7hJ.png,0.002968,normal,d3a1efcd95abddd09cb3333dc5b52033db6ae8402fb385bcd98fdac30cd69dce
IwNUoFX01y2aBL9ZmObh,4,train,images/train/class_4/IwNUoFX01y2aBL9ZmObh.png,0.462995,normal,4e1604da5943a74e6d80c745e4aba7020ed553779a2530fb7881a978d97b7e2c
IweQoKz4HxGc8mAETNpM,8,val,images/val/class_8/IweQoKz4HxGc8mAETNpM.png,0.070943,normal,505baaafe757d34d405c54e072535fab302c03773b3de92addf95f95b7ffd420
IwgDdxrbUkiXpfAMy6J1,2,val,images/val/class_2/IwgDdxrbUkiXpfAMy6J1.png,0.003964,normal,c32c596fb659f5a9b8e14f936179f62a5c7c1af70bbec221e658252fc2460ac4
IwgVeC9qRbUkfE6Q3HTh,7,val,images/val/class_7/IwgVeC9qRbUkfE6Q3HTh.png,0.0,normal,fe1e22ad716f825b3437587b95960d73f7f05987f116c6f169a66f81fd7c9f35
Iyjk3mOQfLnRTSqzdCJ1,7,train,images/train/class_7/Iyjk3mOQfLnRTSqzdCJ1.png,0.994799,review,5c798aa9a0a9584f4ecb64b030cd2938119050aec9196684ea9634293e8b81e6
IyjtB6DFWvnTYw1E934Q,7,train,images/train/class_7/IyjtB6DFWvnTYw1E934Q.png,0.992018,review,5e4766042572f6b1ed038f306ff44c034f99152c5af2c88aad27e73c87147ca4
J0fY3O5lUmuNqVPBDRKn,4,test,images/test/class_4/J0fY3O5lUmuNqVPBDRKn.png,0.451785,normal,a1017ab826581511fb4a83e31ade325b5a1718a9206edc629b881600b620de4a
J3yrHmKZTv5tpBlExFkh,3,train,images/train/class_3/J3yrHmKZTv5tpBlExFkh.png,0.486288,normal,d283b5651d2bf5b9017f6a8a4b147ad2a6192bade463144b234a732a4b016829
J9BpcFqysLwr0YHeNt2o,4,train,images/train/class_4/J9BpcFqysLwr0YHeNt2o.png,0.432336,normal,29e2a9b9be19283e3fae11f830af7d265f1aeeadc622625984547da7314f5afa
J9es05NzjWripUYxb1tq,6,train,images/train/class_6/J9es05NzjWripUYxb1tq.png,0.055615,normal,4791836ca021067b006ad586a43d36795eed16cd8d151240f8bc1d019435faef
JAB5De4OMltSf6IKHo3Q,4,train,images/train/class_4/JAB5De4OMltSf6IKHo3Q.png,0.47089,normal,b2c8f82e65a2546cabf4f549349c5a3ec1ab84d9e0f985b8cf9d20f75d27c178
JFWPGhyoASRaxQ4Tb0md,8,train,images/train/class_8/JFWPGhyoASRaxQ4Tb0md.png,0.079322,normal,1bd8c01be1aa51a7524eb83a965337f783758fd057de86374340b053fff63e0e
JISwfuZgpX0PHTceqGCA,8,train,images/train/class_8/JISwfuZgpX0PHTceqGCA.png,0.070943,normal,1b82743ef00e730544aab198f75e642edcdd278e0bb5796a39121c609c7bfc77
JMngbfY3PC5WkjA2iSvH,1,train,images/train/class_1/JMngbfY3PC5WkjA2iSvH.png,0.174757,normal,b72c5e8e08a230a2e7cb57ebfd4c4c480e35a9f6e541d854d8b52c8a28418d72
JO2iskzUlBVGj6Y4PEZc,3,train,images/train/class_3/JO2iskzUlBVGj6Y4PEZc.png,0.636867,caution,c3a94eb56f6424c3748271520eb62ae1be8fd24019341d5d6e6f782fe8badd1c
JOaTGd7Pb2ekRXMHu06S,3,train,images/train/class_3/JOaTGd7Pb2ekRXMHu06S.png,0.655661,caution,43b88b7d33c6a50f619f47e5110fcc53e2dde464c36058ec00ff555d8e44c0f8
JRgoPbLy2GVQzsUdKmkj,1,test,images/test/class_1/JRgoPbLy2GVQzsUdKmkj.png,0.047654,normal,42f1ff128b2e0db73e34f2d2d3b2bab484a3c91e7cec562349f9dd307931b226
JTAoQ9miHalVeE63PdBU,7,val,images/val/class_7/JTAoQ9miHalVeE63PdBU.png,0.992018,review,dff94aa89e46d9be0c59894ed3338df78f72477a223a3e3892125561307c425b
JUO3pfywZnC4e9xHLBMA,2,train,images/train/class_2/JUO3pfywZnC4e9xHLBMA.png,0.002235,normal,35237984da081dbaa0b27a2000d3fbb6cefca2b83e23e5623196771e472bd302
JVxhvaMDsj4PYBelFwOu,3,train,images/train/class_3/JVxhvaMDsj4PYBelFwOu.png,0.635993,caution,5a23b33678a4db4ca0e7a8405c39584750f9a2d17f17f004812afb9a8733db4c
Jd1mD8obKMOwqBgXjRut,2,train,images/train/class_2/Jd1mD8obKMOwqBgXjRut.png,0.002445,normal,b3a39e70b3bce7393ee5202ffdae18518f906f48d3a1f0beec2edb11434c3771
JeR146WPmlVnxKvQAESb,4,test,images/test/class_4/JeR146WPmlVnxKvQAESb.png,0.392628,normal,46e2840a11bbc02b094d64f2b92a5417903c94c4e13f28ac9e70276a61261d89
JfW6FM47u1otlOYUdwbH,9,train,images/train/class_9/JfW6FM47u1otlOYUdwbH.png,0.00231,normal,e4c3349523bd0f89cc6edb31c03d6ee5741c631a97684df33dc423e13dfc63da
JfaAGUkRVNxCwqdb6sj5,4,train,images/train/class_4/JfaAGUkRVNxCwqdb6sj5.png,0.393441,normal,a215abe5e9db26b117dc2085f2e349b16829e578db22ce2d9e069edb2d73798f
JgtDMQ8WuhPiFxBnalL5,8,train,images/train/class_8/JgtDMQ8WuhPiFxBnalL5.png,0.070943,normal,55023228fd2a2790edbbbe8f8b095b878ed52a6bc4637be887d5749016c454e9
Jgtyz9OK13M2CYkmZolp,3,test,images/test/class_3/Jgtyz9OK13M2CYkmZolp.png,0.635993,caution,195d6beab9c6c70b2691b07c108a8838fa2f737bb32d8cde3b602791c5dd3f6b
JiSOgRmtv7I25DcolYBV,9,test,images/test/class_9/JiSOgRmtv7I25DcolYBV.png,0.000222,normal,96f1b3b6786ce4375b55ff61afdb14d5d013f82c4d5d4284325ba56f46659277
JiTOus5PgHU2kIfnw7eG,1,val,images/val/class_1/JiTOus5PgHU2kIfnw7eG.png,0.038981,normal,b4b4dc477f8f3887c2164a5501069d127f889f4dc0e45c66ea9ad609000d3cd0
Jj7eK6AhkmDRB53WSO4P,9,train,images/train/class_9/Jj7eK6AhkmDRB53WSO4P.png,0.000288,normal,d3f58d67cfadab197725197c1e031785ddcbdef58e5e7008882104499bcd3208
JlYNWgvo2LCkQRV8d74u,9,test,images/test/class_9/JlYNWgvo2LCkQRV8d74u.png,0.000255,normal,5f6d69f1dcfe83e64df2a9d388c7096cdad94b8f3d94190222874c531868a41a
Jlcr6Ej1P3W04SRGh2Nw,1,val,images/val/class_1/Jlcr6Ej1P3W04SRGh2Nw.png,0.174904,normal,b8987f4621a74d258971924988389b229cc7cece894fd0d731d9759ccad560ac
JyBvMAZbhIprolF8HNe6,9,train,images/train/class_9/JyBvMAZbhIprolF8HNe6.png,0.002813,normal,5aa4a4883d54fcf8bdd0a7ab29efe3273d97b2ed14994deb9c4395f95b93459e
JzF18ftmDC3VOLnIAhWP,7,train,images/train/class_7/JzF18ftmDC3VOLnIAhWP.png,0.99242,review,f8d2bb88a0e7f00f4cb07d295ab3b615cfa29741147fe58749bd14290e8c2fe0
K05YJpcfyTCU4EdShQI1,6,train,images/train/class_6/K05YJpcfyTCU4EdShQI1.png,0.027255,normal,014b1554ab84e63b403d0e55bd93e8b73a600dcb676fbfea47527860fc3421ad
K18LQkydvn2l5HUxOquT,1,val,images/val/class_1/K18LQkydvn2l5HUxOquT.png,0.050084,normal,7295058a93838de531ec6318860b2218a6bb5f6e08f759ad2904e01e223bd9a8
K1MACq57pdQfEsgjclS9,1,train,images/train/class_1/K1MACq57pdQfEsgjclS9.png,0.002023,normal,a491d90dbc69dfd7f35b5c1136f5ddbf7c45316be37d1cf1b9833dfb4eeb9867
K6iRbvqZrJ5h3C4x0mMT,8,val,images/val/class_8/K6iRbvqZrJ5h3C4x0mMT.png,0.250259,normal,6eddb959c01eb9d492911cb423d73e03007debfc318868a4fea0c50daaf5d38d
K8eq1QCw0xEiuYFAIaHZ,2,train,images/train/class_2/K8eq1QCw0xEiuYFAIaHZ.png,0.001146,normal,e1682e1ce6a9fa2a9d6780a2ee6e94d1a6ed673fa60a3773b9c7c2675f627638
KF7NGoQSk8v9OE0nrwy2,9,train,images/train/class_9/KF7NGoQSk8v9OE0nrwy2.png,0.002116,normal,9905a249ea2706cb07c446be27d993b8ccbdb9ae15d51868b61fe0cd94fa0838
KGTOj6HAvNqWUcP27bCf,8,train,images/train/class_8/KGTOj6HAvNqWUcP27bCf.png,0.500427,caution,bf9a7464b43613af966e5e09a5d7cfa8be5cfade57e470b87315cbce75c199e1
KcfgCTNF3aMdqJ0jyWSG,6,val,images/val/class_6/KcfgCTNF3aMdqJ0jyWSG.png,0.016978,normal,0d3c9c27c67f301d1318ceb1774d6ceb0c484e6ca1640118a4ebbd4b82cceb84
KfQ58FVTkB9sb1i4u7zH,4,train,images/train/class_4/KfQ58FVTkB9sb1i4u7zH.png,0.0,normal,17cc0e4d820ecca13f4106ff13034ebc7f13c9dcd97a92eb8539f706fe5cecd3
Kfn9jdUWrz5cm03hiu7S,2,train,images/train/class_2/Kfn9jdUWrz5cm03hiu7S.png,0.011022,normal,8e5f1d41bd2759916e58975fbf745a8ad4da937a08c8e35737a407509ce88dba
L5MO1uWhDZ2yplTkoRUd,4,test,images/test/class_4/L5MO1uWhDZ2yplTkoRUd.png,0.389289,normal,21d5bfa9754f8868e303acf06813bbbcc6939cb9ac5fdf7d37426670573d64bb
LfVY3tPrRZHGQ2SdJm5x,4,val,images/val/class_4/LfVY3tPrRZHGQ2SdJm5x.png,0.53905,caution,7ae6db5c94742caa590ad06786c8c8729e911c31754bf4333b0000f2a0993eeb
a29m3nUocvzC8hBOWkTL,3,val,images/val/class_3/a29m3nUocvzC8hBOWkTL.png,0.655661,caution,4dcea61cc9de1bd203d05201ab1d8f8bf8f652f68950a6a27d7ebefd19623126
a2UF0Vkeh5P74psmiR6v,3,val,images/val/class_3/a2UF0Vkeh5P74psmiR6v.png,0.636649,caution,e76eb393338d67898454d835af23f6fab2cc9575623777a29fe9b653763ffa5c
a3BszoA7hXZc0EuHjmwi,3,train,images/train/class_3/a3BszoA7hXZc0EuHjmwi.png,0.636628,caution,52f9e46fe35d2d9c7465b874f2fec6d359265c180bd25959042ff535ca0e2392
a3UjzHb2mkQxnJdtZsRV,6,val,images/val/class_6/a3UjzHb2mkQxnJdtZsRV.png,0.024518,normal,c9cb77a6df2b4b68a07e05b401d319d222a7223fe6f2eee7702bf6a8ddfd1283
a5btWIHhlzjuXiBykZG6,8,train,images/train/class_8/a5btWIHhlzjuXiBykZG6.png,0.001352,normal,c32b39372db94e729d843154b2ba5cf5a143057cfdd5eb4d673adb7017b14bb5
a5n3BtqdsJlZfup90MS7,7,train,images/train/class_7/a5n3BtqdsJlZfup90MS7.png,0.992018,review,75dbb1d696ca7e3cacbc84b1bb1e398fcf41462a0d6e9a66909e226713dae90e
a6yPugSArOdWK1zQ0c7I,3,train,images/train/class_3/a6yPugSArOdWK1zQ0c7I.png,0.66178,caution,0fa7999bfb5808d923def0bce67fe59698093aaccea5947181e6d56ca6a68880
a7ugQM5sWX6R4fibeJFj,1,train,images/train/class_1/a7ugQM5sWX6R4fibeJFj.png,0.002956,normal,d36fb60f599c1493d08f93f0134ef55f8142df842e5fbcbf8249eee179e884b7
a8hZBDrjGiMdtzSklFNV,7,train,images/train/class_7/a8hZBDrjGiMdtzSklFNV.png,0.001535,review,38f57e778281cf4e35d2385a9125563e15c07a526d2e17357539721d19fed798
aFjtGgxzWAseZRiLJK8I,8,val,images/val/class_8/aFjtGgxzWAseZRiLJK8I.png,0.047493,normal,40a7c009ad0089ac8c1396ffbcd3e1cb6301e4f2ed311b1abcb99e2a5235b5e4
aIKU0rgABR7pNQzhZyTu,2,train,images/train/class_2/aIKU0rgABR7pNQzhZyTu.png,0.003013,normal,52f9c36317d7a98cdfd6ad5f477472149bfdaea1ac5aad01f6e2e8e75cad3cd3
aJHlbn3Ueqs5cZQyiKzC,8,val,images/val/class_8/aJHlbn3Ueqs5cZQyiKzC.png,0.70076,caution,b5a33a3f2c01b7b2aef4d5a439abcfd1f325a22e06b08265bc8755bf6a701fe6
aKDbZWFzy9XfPO051nls,6,val,images/val/class_6/aKDbZWFzy9XfPO051nls.png,0.001083,normal,ee51d9995389c97d2dfc51deb220df0c2c1136355e45de08933c550b8475e812
aKH9GvftsjAQzeUwi0bL,3,train,images/train/class_3/aKH9GvftsjAQzeUwi0bL.png,0.636649,caution,908bcc9f5c4d1562b001204c2aa7352e57c2fcf3361dd0561cd2058e96dd474c
aNRflB3AsYTuZhWHQL4z,4,train,images/train/class_4/aNRflB3AsYTuZhWHQL4z.png,0.376002,normal,b788b56c1d13d77ef2c21775470264aeec19ead7a6875daa080f1a1e97f46822
aPU2SW8Kt5OfDzXZ3YqC,8,val,images/val/class_8/aPU2SW8Kt5OfDzXZ3YqC.png,0.72163,caution,d57a3bf1d81857e26e9749aa4adf55d41d1b4456ab488b943dd9da9d5704641f
aXbDi405xeqQynl69Yk2,7,test,images/test/class_7/aXbDi405xeqQynl69Yk2.png,0.991102,review,2af93e23e6ffc4d2253ffb1c19c8ebda67d70e507e3bf6b21bf1171e13a96410
aYvLmPcHznMh8w0uFDkA,4,train,images/train/class_4/aYvLmPcHznMh8w0uFDkA.png,0.480759,normal,55f5e503f7e0a2f360aec69b1fa3446da4984b60b625e92e924f6909406573cd
aZKEkJF7CQtNSDf64d0P,4,train,images/train/class_4/aZKEkJF7CQtNSDf64d0P.png,0.49499,normal,3b122ce6f361d51fe1d6562187ad9f4f2322a9df64a54aef8afef650af32cded
aeYfI1yn7sPiR49EW5xp,8,train,images/train/class_8/aeYfI1yn7sPiR49EW5xp.png,0.067446,normal,d03b44a2d63c7e90618ae2f95c75048935d0df04f07a640aac2642f7cdfbd782
agqI7DjH6FXER2dNJwVT,8,train,images/train/class_8/agqI7DjH6FXER2dNJwVT.png,0.039189,normal,da536c260bae74cf3cebd53596771b6ad887d34b966b7d3661162394e65c6e0b
ahXirbx93wGU1RMfLBCl,2,train,images/train/class_2/ahXirbx93wGU1RMfLBCl.png,0.058643,normal,41d860616fa25a1278cd65847baa793a848315331755ed53ea7aff99412e6ef9
ahwFAIPcS3yxg1j02KCJ,9,train,images/train/class_9/ahwFAIPcS3yxg1j02KCJ.png,0.000309,normal,e43622f0f63071ec61a6686b05869134bc5ac4c19bc82da989aa03c813886fb6
aiuJTcU5Swlg1LzpFjdV,2,train,images/train/class_2/aiuJTcU5Swlg1LzpFjdV.png,0.003551,normal,84f5e8cbd479c6ea55b91b48121e7acfb9338fc11f3366b3f9760f1d6a68c935
amGeXDTwCldUsVBHPqkr,8,train,images/train/class_8/amGeXDTwCldUsVBHPqkr.png,0.000722,normal,49763fda469f98d6cccf40e3db5352a00e73801e206f206f66921f2f09933572
anChwpjZ5qmgWJkcyxiN,2,val,images/val/class_2/anChwpjZ5qmgWJkcyxiN.png,0.006498,normal,fed2f474f9ec0deb2931c7131d53fc29fdea62dbab3b2b14f4b8f10e861cdf4e
anNmxI0dCHhXqo6QWYyk,8,test,images/test/class_8/anNmxI0dCHhXqo6QWYyk.png,0.070943,normal,699cb4df2c15d096558c385696ced28419326d997d27f7be76594087b09fb673
asKPnzUXjShMc0Tl6Wge,5,val,images/val/class_5/asKPnzUXjShMc0Tl6Wge.png,0.559293,caution,8f2b7532231f091aa655c08d87b32c2d272c63a92b027439ec099ee3962d55f8
ax9N5uRm3QvLVoWJnZsA,1,test,images/test/class_1/ax9N5uRm3QvLVoWJnZsA.png,0.065255,normal,08d8e9fab271fc53c24f49597e1541e0622d573a006b98c5eb4b2fcd60ec2bd2
b3EWAzP4jaUevDKZrfqt,6,test,images/test/class_6/b3EWAzP4jaUevDKZrfqt.png,0.069669,normal,661a644afb356b2a4ab3c53119d4d9c851020e5ec19da1b60c0abc2f8f3ac781
b59dlNEacoYUAyeR4Ipq,5,test,images/test/class_5/b59dlNEacoYUAyeR4Ipq.png,0.983808,review,886ec36202df30cce01ce99c903e55476208ad585e9a668f144cb093bc3e4210
b8KgVcy57AWMQtHEqdxo,9,val,images/val/class_9/b8KgVcy57AWMQtHEqdxo.png,0.256526,normal,113f469a83f703848f99468659bc65567aa246b0cf465f71ee43f24acb69f809
bE9uDl1Fft8AWXGgRVmx,2,train,images/train/class_2/bE9uDl1Fft8AWXGgRVmx.png,0.005844,normal,4d50eeb949024c0103938c56c0ee92efa501a82811896e19fd9619ccf4d36fd9
bFouR7d8lxgEqsCtMhOj,8,train,images/train/class_8/bFouR7d8lxgEqsCtMhOj.png,0.070943,normal,729185b7a400f20ed590a75d53ae5e702e8cd88d94ec55bd1b2a6a0a78b4ae9e
bG4TtEiph3JdyZCNsoz9,4,train,images/train/class_4/bG4TtEiph3JdyZCNsoz9.png,0.200391,normal,0b82814e52e68622cd3a456cf08ad4f01ccd758194020bb16761c152e605a24e
bGPHZFpAL3N957064wzj,5,test,images/test/class_5/bGPHZFpAL3N957064wzj.png,0.522499,caution,8285566d6e2ec90907386bb9d02c0f82897b196857c2693b48ecc0a144ecf3c2
bR1ugX49KAGclzFwkJ7j,2,train,images/train/class_2/bR1ugX49KAGclzFwkJ7j.png,0.007798,normal,b46dbaca1e60c302bb6cc558657f68b604de2c368accee8dddd347875104c68e
bRKkovBDCAzcZfNJ7LWH,6,train,images/train/class_6/bRKkovBDCAzcZfNJ7LWH.png,0.03732,normal,edc5ff2881ec5fcd063f96f13b223df93653392de0e651012fef2535b6bc5703
bUBIJjfCntiQRvzh416F,1,train,images/train/class_1/bUBIJjfCntiQRvzh416F.png,0.069111,normal,a48706a5e39d3db227c0917c0bf9ed7535ecf2573e6c4120c88602dddb440488
bZl1kUSLsMrifRo0cnIA,2,train,images/train/class_2/bZl1kUSLsMrifRo0cnIA.png,0.002529,normal,cfa408b8403750d05f3bb68fcbff59a6dc6e1135cc2a55a33c32b9505b7c4f35
bZz2OoQmqx0PdGBhaHKk,7,train,images/train/class_7/bZz2OoQmqx0PdGBhaHKk.png,0.99242,review,e3e7a631019069c1794e5c4309e9bdc1486af2ca0fb7a8e4aa319fcf18a183cb
bfcBD4vaOtUJG6K5imqx,6,train,images/train/class_6/bfcBD4vaOtUJG6K5imqx.png,0.000859,normal,5bf303bb930b27c3522d62620a43abe1b558b39eae1ad700e742a2bf0245759e
bipFgQ8uwHkO9rnRfWDC,7,test,images/test/class_7/bipFgQ8uwHkO9rnRfWDC.png,0.99242,review,add0ebcbe94abe0b564aabea0deb303b685b63cbb9314e117c23ae0f20083837
bmX4CguMr18O7DxThdiS,1,train,images/train/class_1/bmX4CguMr18O7DxThdiS.png,0.042176,normal,4c9ee75301c728f43a92d628207ec3574ea18a4b87caffd36ae051364e2b7fd8
br3oAnTeGyDp97XkzCOS,6,val,images/val/class_6/br3oAnTeGyDp97XkzCOS.png,0.022454,normal,514ed7fa90cbacecfa2d87e69564465b938c1cfa3af1bd39e9b3fbb0ae3d0877
btfgZzCVaKSudFc6E79o,3,train,images/train/class_3/btfgZzCVaKSudFc6E79o.png,0.635993,caution,3961935d9c54dc00593433a3f0245829eba20c7ed94b3d9c9a7bba9b8261fb8a
btnjxGM0mzXWZOys5N2r,9,train,images/train/class_9/btnjxGM0mzXWZOys5N2r.png,0.000255,normal,3885d5fff7604c367c55daf94167eb27cc29c6bb4d7cbcf3830d41bb5a8d23db
buBXk0VawKfpYLytPxFj,4,test,images/test/class_4/buBXk0VawKfpYLytPxFj.png,0.531136,caution,285044c0c43796448d66737846413fa97a4cb65f8036f50efc7112c2e390a516
bx3MXBwc0zulDOa1UqN4,6,train,images/train/class_6/bx3MXBwc0zulDOa1UqN4.png,0.000445,normal,d302bb090bc225c5a7be10f047c05ed0a694d16d866d300df87565fcfa3e6837
bxj8HFNn0cCiAW7GOgzh,3,test,images/test/class_3/bxj8HFNn0cCiAW7GOgzh.png,0.663411,caution,4ca77114c388e6075c138aefa8324a267590536e655f558216cbf5be234e3fa6
c1SrgTA3MYaeKktWwOiF,7,train,images/train/class_7/c1SrgTA3MYaeKktWwOiF.png,0.99242,review,96b91f6e2ae42944d61d806906060d177b5626c425bf3f417ac5f2c2952fd9ee
c1VozPdAFBwHfagjWCls,6,test,images/test/class_6/c1VozPdAFBwHfagjWCls.png,0.043959,normal,6a4a94e59917a926e6c6ce844d94943bf204e90139973031f5caa5064d04ef61
c8gbt2qHrVm9z3OyCIkD,3,train,images/train/class_3/c8gbt2qHrVm9z3OyCIkD.png,0.638374,caution,83b3510cf5c689eb4ecc1d053d7c1fbe5699a5a06afb936476acf691176a0f04
cDa5BKpzw9GqnArQfZ1L,7,train,images/train/class_7/cDa5BKpzw9GqnArQfZ1L.png,0.99242,review,b522f54ed7cbfc0dca80b9b23d928fa001544c834d140c67aa32bca1a29545e2
cHGNtfV2oq0UwBWSgA9r,4,train,images/train/class_4/cHGNtfV2oq0UwBWSgA9r.png,0.451319,normal,00088dfe0a5ea0b506d986cba82a656693d1bda52a2e3da4fe684145af6837d7
cOpJEz3VFlqX7dZDxUYn,2,train,images/train/class_2/cOpJEz3VFlqX7dZDxUYn.png,0.011114,normal,c1d41dc51c588f0d3efc41688e462d8a85cee24bd749637f289f75964a803463
cP1LKEImqN9zQ5eXpodG,1,train,images/train/class_1/cP1LKEImqN9zQ5eXpodG.png,0.056975,normal,83b876b32b2d44fd755bad5cd0d9bfa0e4ac82503b166bcaf9585c1c909498f3
cSI0v76wsFjOKfTJiQgE,2,train,images/train/class_2/cSI0v76wsFjOKfTJiQgE.png,0.000777,normal,e9671a68ee3b25578f62fe602e8908ddd0932287d252857b0c6d9b6c1c87b6e8
cSMXzpQ2q4nCy5UfPBg9,1,train,images/train/class_1/cSMXzpQ2q4nCy5UfPBg9.png,0.010139,normal,12935dce07a5f37208e82a9e8df9da081b43fe4cad32fb2d0b7041bfa5046100
cVFaWK1b2dBXCho37sjE,9,train,images/train/class_9/cVFaWK1b2dBXCho37sjE.png,0.000346,normal,fa86387e20656b6f9c064900965c9baad2bc6841af971efddc39accea7abb5bf
cW5hky3FM0QIN8faz4B6,1,train,images/train/class_1/cW5hky3FM0QIN8faz4B6.png,0.028284,normal,23b2ffc65c40d6651b28f7322d13e2baa92613613a3b59c0aa67fc0c34387f4c
cYb4XuNSqOA9IFLHseG1,5,test,images/test/class_5/cYb4XuNSqOA9IFLHseG1.png,0.553564,caution,09d917aad930313cc27fc2cc2167316db82852d9e6ea611d9290ba3edb9be8ab
cdgKHZbChnaLEqFDRjvm,2,train,images/train/class_2/cdgKHZbChnaLEqFDRjvm.png,0.005713,normal,3b4eb36bf6baeff31e45d23a86350451e53d489916937db8db677a154f98bc95
cdlgXf2EV9sOKvn6Dwt1,3,train,images/train/class_3/cdlgXf2EV9sOKvn6Dwt1.png,0.662887,caution,c6e84fc191bdc4a681a7cbe2558a28e5915321a30f6c0b092becd0b290e4904a
cez31fjVZOP2g0nwD56K,6,train,images/train/class_6/cez31fjVZOP2g0nwD56K.png,0.113993,normal,425c78c6679328ed829ca33697860d31da48fbbb22349af73ce5c4e73df07938
ciaN815k3pWLnQX9oGRU,8,train,images/train/class_8/ciaN815k3pWLnQX9oGRU.png,0.012327,review,07f361f00c0a24e4767c7f5875f8e9830278f8210a6ab25b18c647b1ec83b8a5
ckaHuew6QN1dhb07q2V3,4,train,images/train/class_4/ckaHuew6QN1dhb07q2V3.png,0.204782,normal,b162e844215e9b936227c95e2f91e807f877da36cd073e82012bb08bb3780e59
clCOkQxvBKzwWaPZ5RSH,6,train,images/train/class_6/clCOkQxvBKzwWaPZ5RSH.png,0.033767,normal,fa486d1a5ea2cccfaca6fc9b2a9c139e6186df72271b87750740a26b1454b9aa
cluw4HMDRQ7dhYIojUg6,1,train,images/train/class_1/cluw4HMDRQ7dhYIojUg6.png,5e-05,normal,25a506a60be881c9533dcdd09eecd8a622629da0636735414c1ecb0401504e3d
cpThD4e6b0CZzSmG5wjy,6,train,images/train/class_6/cpThD4e6b0CZzSmG5wjy.png,0.037209,normal,e8539be47f267020b16d55acc96c8f5a5d67876c642256794be8fbc28e8d7c89
cqhpxUkoCsVYuHJm7K0n,9,train,images/train/class_9/cqhpxUkoCsVYuHJm7K0n.png,0.00218,normal,139e4027b7cd098fa287b110d2840709096a18546213c603b1feedded3134291
cqoIY36dhwfDNrnlHJsx,1,train,images/train/class_1/cqoIY36dhwfDNrnlHJsx.png,0.732702,caution,5d070934d2f90b83ef54aca072be962b83da16d4ea279628792c23761c86fa75
cuQANt4oBpMzmYKRkGf6,7,train,images/train/class_7/cuQANt4oBpMzmYKRkGf6.png,0.99242,review,52324265ce968a8dfa067c0fe86d5693d3ed7ade1f022e5782f3090a84fb2677
cwLo2p34lqzMiOrT5PAD,9,val,images/val/class_9/cwLo2p34lqzMiOrT5PAD.png,0.133156,normal,1e098fe82fe296e58f7e5f8bca93abf8e464e6bc3f444d3a21af29cae809ba18
cwMuz2CjEtOdNiA5h3ya,9,train,images/train/class_9/cwMuz2CjEtOdNiA5h3ya.png,0.002162,normal,01e73942a06b85c0f0db62d178fd8586881ccc061ba6fbb2c6d29db9a37d7352
d4ABW7XyvPzItZuoQ6MT,7,test,images/test/class_7/d4ABW7XyvPzItZuoQ6MT.png,0.296009,normal,7197c326b9003a8832ca8dbc7426ab69b5ef7327cfd1119b8ac0ba28568b9a4b
d4MZmSTpJQuP5yh7cl8W,2,val,images/val/class_2/d4MZmSTpJQuP5yh7cl8W.png,0.010259,normal,4fcaaee98e6d431b329956bfdf129b3aa7e2e4705992fd6faa36acf6fb53d584
d69TJVnLQBqZCIaY2o3E,9,val,images/val/class_9/d69TJVnLQBqZCIaY2o3E.png,0.000317,normal,1747ad8183fe940a3c271b5dd94dd02fe8e0fc8c51413a533f6bfd8219d9cfbc
d6Jnl1vc3OWsVPMygQBt,9,train,images/train/class_9/d6Jnl1vc3OWsVPMygQBt.png,0.109429,normal,227fb022491884eb6417ccb05824c19c252acc23d223ce873d272c4ad8b30b92
d71upfoW0wskv2lz5O84,9,train,images/train/class_9/d71upfoW0wskv2lz5O84.png,0.003474,normal,1826dfec10cef5493fbff499e45a3fd858b7d2f765a4f0ac8ce5c6fce3897750
dAW1p8eljnvTZCgtfYHa,4,test,images/test/class_4/dAW1p8eljnvTZCgtfYHa.png,0.575892,caution,c039738225029487c6e12a15e94c7376c3cf1da3f0d373b7aee2d37f54f2949f
dAabnhJ37zorISO68q4l,2,train,images/train/class_2/dAabnhJ37zorISO68q4l.png,0.014888,normal,b7be56d4ef9463520652f3a86f689d86a949435f3388b3631706babe7cdf02b7
dClSn1heupsZWENJzmxQ,7,train,images/train/class_7/dClSn1heupsZWENJzmxQ.png,0.0,normal,0622308d44bb96ac38467dbb4d4658ee55467a4961e694a05f334d06ac1b1c52
dETSCuIZDapLP9AlJ7o6,9,train,images/train/class_9/dETSCuIZDapLP9AlJ7o6.png,0.001327,normal,e9dbca3e7b88aa045227838db734bdb5224b7b8f0e3b0a19f870ba15ef59a3bb
dFf7OsbJGliBohLWMk58,9,test,images/test/class_9/dFf7OsbJGliBohLWMk58.png,0.006633,normal,9a8fb1e0d593cfbb22b511be3d2ad2131fd9fdbac1628ec0bc733c5d7b683d87
dHQEF0MqiScAT2xoItZY,1,test,images/test/class_1/dHQEF0MqiScAT2xoItZY.png,0.153004,normal,755912754741d05002e12cc5783687f0107e0d4b495d15f98fe6d5f6c4e2baac
dHjMq0s9tDrBS6Fp7TuI,1,train,images/train/class_1/dHjMq0s9tDrBS6Fp7TuI.png,0.00336,review,9ba14a855c915ebc993deb2fe1fc10f9890051ae5dd302b907db215cdc37e52e
dI1vM43Nq9uSAlZYCoV2,6,train,images/train/class_6/dI1vM43Nq9uSAlZYCoV2.png,0.069722,normal,69a0adbf548ce9828eb4a4c14fefeed0e1fa767395dfa4d097b0ba6193559b63
dI8PKFeWtOSqDa9yALYJ,3,train,images/train/class_3/dI8PKFeWtOSqDa9yALYJ.png,0.636192,caution,7619abe675002004951f7348dc32a34d231ba1fe567265ddd1c6d451516fac29
dJ326HRzYfn0DZIPhjMv,9,train,images/train/class_9/dJ326HRzYfn0DZIPhjMv.png,0.116528,normal,9d9c750b926b573bec1970e1546f49f72aec3b279ed00d2ae69544c989501665
dKSWL08mXFJUc7VfA5YP,1,train,images/train/class_1/dKSWL08mXFJUc7VfA5YP.png,0.139648,normal,b0888cf57aeb3cb28d9025b86f328600592e9226e73f7a90918e0ff6f5735315
dKcE7Q1zuFViSaDRUtxY,5,val,images/val/class_5/dKcE7Q1zuFViSaDRUtxY.png,0.776144,caution,8eb6f37145541b3fdd4c644d2e2002d135ca4e9a47798a9550a99e50efe71f46
dLuRwUfn04V1ZsDpbvKP,8,test,images/test/class_8/dLuRwUfn04V1ZsDpbvKP.png,0.070943,normal,71c981e96fd3eb29ce90b50f5c18a79007dc8191784855d44cb2e33f2e09643c
dQbqMtOsVYrWDIvh8k2S,9,train,images/train/class_9/dQbqMtOsVYrWDIvh8k2S.png,0.002302,normal,961076598cc834d43ab73d87817222ee5e5a26a45324034f8479c7fab5a8c661
dVuxtiZLgQ8Na3DFbBlJ,1,test,images/test/class_1/dVuxtiZLgQ8Na3DFbBlJ.png,0.052124,normal,d8af0a481c2acbc23299d3c3b90300dcbde25a677e6a82d25ff55773391ee2e9
db03PLecsviEz6TMZCSn,9,train,images/train/class_9/db03PLecsviEz6TMZCSn.png,0.00181,normal,7f66ade3d4dd2c61862c65c6a0e74227813e22525b8f92404094ae04f1854753
dlDuzi87p9eAZtUE4w2G,8,val,images/val/class_8/dlDuzi87p9eAZtUE4w2G.png,0.070943,normal,8f13eab0706dc0c93532ba2c7d4c81b116bb4c2155f7f0936869bf4c30886e8f
dmHnoVODQABpur6sx7ql,8,test,images/test/class_8/dmHnoVODQABpur6sx7ql.png,0.758771,caution,8bae80bcea751e73665d7678d42fdb13a053b9bb6f57637ada54aed2fa97d788
dnKrSUxLP8CVasfbuWyl,1,test,images/test/class_1/dnKrSUxLP8CVasfbuWyl.png,0.054863,normal,5ce99bda2f1b62e8bb64c21534999d600bf02395d140f95d35e051f15e14661d
dolHJvDGFs2hk4LIPR65,7,train,images/train/class_7/dolHJvDGFs2hk4LIPR65.png,0.99242,review,3ace7237605a7066d9833f2a089f54d15cb5605377f0beb1a5db85a6b9f6739e
dqXuSezv3IJWonmGFUAp,9,train,images/train/class_9/dqXuSezv3IJWonmGFUAp.png,0.003581,normal,eac07b787efffe7d4958a8028d1047e409ea329854eca7c84d94f687bc0eb311
dv4yexuAzXwGUENnBhro,6,train,images/train/class_6/dv4yexuAzXwGUENnBhro.png,0.014221,normal,5d6160a8ad2fbb698c16bd847df6acf1f060fe675c6f45973de559a872eeb310
dwIXmJU36HYyvpC8hj2n,3,train,images/train/class_3/dwIXmJU36HYyvpC8hj2n.png,0.635993,caution,57fc03637d8c82ef7c6779a871b046692e1d92285f06572e5947f1467316ab93
dzValPwcOHZhJISqyp8T,7,train,images/train/class_7/dzValPwcOHZhJISqyp8T.png,0.994799,review,75b8ac50d66710cf20e9ddcf7e835440476abcd39ee3913816ed8aadab8591b4
e1RMvSd83AgaCQY4PT2u,1,train,images/train/class_1/e1RMvSd83AgaCQY4PT2u.png,0.002586,normal,05cd54c2528dbe2543c430e2f2b20d55dbc1f4bd1d85a1b665560b66a83fbc86
e2r6IncxE1LQOKFGgphj,5,train,images/train/class_5/e2r6IncxE1LQOKFGgphj.png,0.848013,caution,a83ab2234f0b3a246c3d4ad2b197e4bc2f87bf4da7275ae7cce9e0c2cd2aa4f5
e56nIVoiTlkJhuYb1pNy,2,val,images/val/class_2/e56nIVoiTlkJhuYb1pNy.png,0.009211,normal,fe924f021576b745ae813cfbbe06c1ef657d08f88046a5d1922293c774547ab1
e6woXQkDrjFVxIuOtdfh,1,train,images/train/class_1/e6woXQkDrjFVxIuOtdfh.png,0.009144,normal,155d7a03ba0aa5dea6698d2929a30ab26ff75cf8a9a823ce60dec8fa023c3e9c
e7FhuKwUW8LfMA2bxEDl,4,train,images/train/class_4/e7FhuKwUW8LfMA2bxEDl.png,0.568366,caution,bb55823d00ef39de4e0ad83ac0dd968177caba9604ef314cc6244e50fc77255b
e7JZ2kUbKHzhfpMRctqE,4,test,images/test/class_4/e7JZ2kUbKHzhfpMRctqE.png,0.523935,caution,4f7eddbd78c98b5e580b498736cb9226d60f92ed6d545125328d0bccb5f04be0
e8V74pOXQdNYs1HcTaIi,2,test,images/test/class_2/e8V74pOXQdNYs1HcTaIi.png,0.039263,normal,be92a180abee6dd08ae14244b769107e5fcb63dbcd4067fefee1bbafbb08435f
eECbifLAG9D1S8tMyIQY,2,test,images/test/class_2/eECbifLAG9D1S8tMyIQY.png,0.00454,normal,c0e8f785a8843e71e5a4625a6a4d6113320005369e2e66b8f380b153d4613508
eFK1IWckUmuM3oCAjON0,9,test,images/test/class_9/eFK1IWckUmuM3oCAjON0.png,0.001237,normal,2565a59baad6355c2bc96d50eb397708e21b9d4ce18033db570e4a465ed4e9cc
eHjL4QC8MPTkhdqtZaDV,9,train,images/train/class_9/eHjL4QC8MPTkhdqtZaDV.png,0.006211,normal,8465a5940567fc6bcaae7bad1b4333cfe2ec37bae8bd274212347d2fe520e2b1
ePCwhpaOtzJHT4QMBsXZ,4,train,images/train/class_4/ePCwhpaOtzJHT4QMBsXZ.png,0.370206,normal,a1b0c11d9cc81e656a45c74e0958da296234766f1f77b1b306110b2300c63042
eR5NruTbULqhYVFmt39d,8,train,images/train/class_8/eR5NruTbULqhYVFmt39d.png,0.759488,caution,7196eb0ec0a45e172a5a9f4c04ba7a08b560605ffdf1ad53ccd54b558ecf4756
ec08aukvwVXn76Fg1RBA,8,test,images/test/class_8/ec08aukvwVXn76Fg1RBA.png,0.047493,normal,4b3d9f4a31c7aa140a4ec22be6ddb131437dbcbfcea4740959aa2f5570b567a1
egpf3iObh8MlAmqzRDPu,9,train,images/train/class_9/egpf3iObh8MlAmqzRDPu.png,0.002203,normal,3f2f002ddb5647aa4c0781542235cf83518df4a910b7c9fd623916c0264c0d33
ei0C84XpoqcAS6v5ZExI,5,test,images/test/class_5/ei0C84XpoqcAS6v5ZExI.png,0.603377,caution,62cf98d762ac66ec34f7294f3063d55deff79a9902f3fcea03c760ef1a266285
epLciPaHrTu1gl4CW7Uf,5,train,images/train/class_5/epLciPaHrTu1gl4CW7Uf.png,0.780978,caution,c407dd5db3412d158275608aede611ff1ea309e3f4d1cccffbcd7ad7956ea33a
etGodBiH4V2DKrbMjx0S,6,val,images/val/class_6/etGodBiH4V2DKrbMjx0S.png,0.001245,normal,2c1ff5276a635643a1e5cdd4d6fab036e9ac88757822b01ac90a1ffa18db3358
eu3NlqHJxfOcWkZIR87P,3,train,images/train/class_3/eu3NlqHJxfOcWkZIR87P.png,0.486944,normal,48d9f23e0671a0a67553018c4837add8c6bef4912d5c4d50959fb0709ec220e0
ew25jRNd81oLryHW4ZVI,4,train,images/train/class_4/ew25jRNd81oLryHW4ZVI.png,0.191509,normal,504414dd61fdd33ca9f09a93aef968f125c5278703aa3365d74b76ed59da2918
f25CLhEsZYBuOwvoTjz0,4,train,images/train/class_4/f25CLhEsZYBuOwvoTjz0.png,0.409617,normal,26e1382e44147eeca54dae363cbd41010aad76603675635b6f2a1d473b581993
f2Vh4qUzD0ntxRFEJaMW,3,val,images/val/class_3/f2Vh4qUzD0ntxRFEJaMW.png,0.636649,caution,44c718140ed3ac3ee8f960dd13b4fd7bc8e145b26c86dcf5b412c1038e2fd0c1
f2n3OzR8yBvu5ScmNQeP,6,train,images/train/class_6/f2n3OzR8yBvu5ScmNQeP.png,0.831141,caution,51d5e797fffa3c5ccb9abb9b1652d8764e6302e2ee1afd3d2bed202a4f1f2fe5
f3Cmly2RMnFq57Yis891,2,train,images/train/class_2/f3Cmly2RMnFq57Yis891.png,0.010737,normal,b17bce01566578badd88aa7cf82dffa118fbd9e8f52feb3e2174b3f2b35d4ef9
f3QCengcsa0o7KlZyX1r,4,train,images/train/class_4/f3QCengcsa0o7KlZyX1r.png,0.455963,normal,d9075d2d4231ec6cc2321b9557867e5e7df565fa02dae54b3122df630d456fb7
f4BqH0J1xLkYKI3TEQWm,7,train,images/train/class_7/f4BqH0J1xLkYKI3TEQWm.png,0.0,normal,91505ff99b9a810e9c135bff983ac449cb6f62360fb5f7fb8e521df169ffbaa2
f7L3tzZJEbS52NTgoX9l,6,train,images/train/class_6/f7L3tzZJEbS52NTgoX9l.png,0.674311,caution,401ef69eeced4d4450d78ee72f81b49b47ab75c8eff86321ac4ca8ee58b33c1e
fEQ8cAhmuURVLoBlYOsj,2,train,images/train/class_2/fEQ8cAhmuURVLoBlYOsj.png,0.00359,normal,6207138f04d3a3f929dd7920f63969dc0f28be78e55353533de248e034d3ad70
fEsMVSGolZeiqgz1pPKy,3,val,images/val/class_3/fEsMVSGolZeiqgz1pPKy.png,0.637501,caution,9ea3fa6a442e36efcd27be1c0c2e98d1ef4208ce2d2c41c6c25a8bd11ab0961b
fJNIFnjPxKEvHemRBYsg,4,train,images/train/class_4/fJNIFnjPxKEvHemRBYsg.png,0.537646,caution,2392a7d7e705762078254151ffbd5e004305ab2c79806debad5ceeecba0d9acf
fN4v3lq5W7BPzAwTDisj,8,train,images/train/class_8/fN4v3lq5W7BPzAwTDisj.png,0.070943,normal,d4fa9072549b2442e735d13bee0c61f39f5915470e0953a89c2fdf670342be6e
fUX42V0cAKtij9IHrE6N,6,train,images/train/class_6/fUX42V0cAKtij9IHrE6N.png,0.027103,normal,96b18faea049dc458d7006d9e187ff68f76621a9c5ff267b9a7abaf84bd7f52d
fV4XIAyj1ChBxwFoiruR,7,test,images/test/class_7/fV4XIAyj1ChBxwFoiruR.png,0.99242,review,f8dd75c121c47ed0ac15561edeab13462ea0326d74725e8addb26566316dbcf8
fcVO1MyZnTIkNCaUEF8e,9,val,images/val/class_9/fcVO1MyZnTIkNCaUEF8e.png,0.010566,normal,6942272368db9626847abd47095a9aa8131854f2d2e7f0c581cb9366ecf7343b
fdKU92Heigr1xALlFTkS,6,test,images/test/class_6/fdKU92Heigr1xALlFTkS.png,0.024242,normal,73845939ae8939def3677f63b0d9b7548ef380c29eef26ec4fe4893775b7a3d5
fdrMk83KcW97TIizZXCF,1,train,images/train/class_1/fdrMk83KcW97TIizZXCF.png,0.128619,normal,5fcba126d030a862dbfa408188753d8d0d3fc272b8c4b8db6efb6d75b17da979
fg2tzH9vWwYIsKEDjxJ3,1,train,images/train/class_1/fg2tzH9vWwYIsKEDjxJ3.png,0.046974,normal,f07223c7baa123448a4cbc3fc7d1bb0675b78dbfca8b5ef0c898d97b9fedb00a
foWjCIUpHk4tEruJlBGc,7,test,images/test/class_7/foWjCIUpHk4tEruJlBGc.png,0.99242,review,5aeea2935f6f8e0adc5199678a3e73c7cb2ea0b8c96922df67297ceaa24163f6
fs9oYJKeZ4BzXSlIWy3E,1,val,images/val/class_1/fs9oYJKeZ4BzXSlIWy3E.png,0.079834,normal,db30c2e8c339bfdfe06396860e52253c0721df2338a43d71c52689fcf56ba583
ft5WBShKzCA80vTxlXEa,6,train,images/train/class_6/ft5WBShKzCA80vTxlXEa.png,0.043132,normal,1db573bebd03f2b9eb29f845fdd24a1c9e5e487acbeb15a04963805a5c587078
furjbFsqkwKzaNxB3RDL,6,test,images/test/class_6/furjbFsqkwKzaNxB3RDL.png,0.000582,normal,6e871663b464aa6b0ab8f860df9739d22cfa2d65e40c01dcdda9f4aea53623cc
fvbowPJXxAKQsVt7MiRL,9,train,images/train/class_9/fvbowPJXxAKQsVt7MiRL.png,0.0191,normal,8c296d1b6e6ce3db5ccfb4ee7800cc734b024878d858969277e2b4c9ef7d9c46
fyH8oWql4rg7tEJSLpIB,5,train,images/train/class_5/fyH8oWql4rg7tEJSLpIB.png,0.50752,caution,0eae8d952f5dcb197dab231ae3fb8e0e5a495a7423e0ef9870f53491ca7a0c28
g1lGzN3S8fPhx96QVbE7,9,train,images/train/class_9/g1lGzN3S8fPhx96QVbE7.png,0.251726,normal,44898c255092c19b070f46a7583fcf56250f6f7c01a9c820a30c16179367262f
g2pvrdbPVLKz408xBXef,1,train,images/train/class_1/g2pvrdbPVLKz408xBXef.png,0.003921,review,f8ef4a4cb3a7626da2a6c68920410bd111653bd8b120dc7cccb57be8c513dcf2
g46jFCHzY1oqtws0yxO5,9,train,images/train/class_9/g46jFCHzY1oqtws0yxO5.png,0.002021,normal,6f1702dd6507cf5c22020c09c831f56f92ff8c3495c55804a1a9cad7733612bc
g7qEpdzW3mhFL1Tf0kHV,8,train,images/train/class_8/g7qEpdzW3mhFL1Tf0kHV.png,0.047493,normal,040807b47c41bb959d500e32597a716830353346e5c0f86136a7ee41d2952268
gAdFOfVQUxbq738orWZC,8,train,images/train/class_8/gAdFOfVQUxbq738orWZC.png,0.430018,normal,2b4f9a6c049f347f9f14b23089752644b8c80bb8e6c2e1d866c18bbd71a4fe6c
gAyPsqEjndt4xoGc2J9Z,9,test,images/test/class_9/gAyPsqEjndt4xoGc2J9Z.png,0.002051,normal,32686b9a23c7e63546ea90cec81c67027e4f83f67e00c4d04548803c7765a47f
gDsZ7RCYM6vW0VT9ENzl,7,test,images/test/class_7/gDsZ7RCYM6vW0VT9ENzl.png,0.297103,normal,186566bd186c34398d06c728ee1cc6762323d00a2f8ae26a0047941732a7b024
gFNGYSsVAOx58JEI0laR,8,train,images/train/class_8/gFNGYSsVAOx58JEI0laR.png,0.500336,caution,9c923060cc760f325f2fa8d26eb3e19f76f9c09eb4c227942024b6afce85ad66
gGPBDhr24EI875LfTNXV,4,train,images/train/class_4/gGPBDhr24EI875LfTNXV.png,0.585413,caution,b674113349bd757d7f60540162d9e62a0932718839a45cbff7aa92e0891dfb8b
gGfFjZ8Xab24eQ6zADN1,9,train,images/train/class_9/gGfFjZ8Xab24eQ6zADN1.png,0.007374,normal,d9dc068ca1f892f11f2f91b75aa697d430614fac080ff8ff755c2ae8112d46cd
gNOcktmwv3FMZ4TH02EJ,6,train,images/train/class_6/gNOcktmwv3FMZ4TH02EJ.png,0.28679,normal,16a39ccc77d246d61fb5ac92295f739a3c2b8c9c58470eda138cc0898a9d112c
gP2lDJxn9mFV5U0dujbs,4,train,images/train/class_4/gP2lDJxn9mFV5U0dujbs.png,0.268005,normal,d88a08482c6071bd23142b4a36d51464157c41d0b06a6897a41f6a4b3966c014
gPLn7w2aJz05DbrjfFVx,9,train,images/train/class_9/gPLn7w2aJz05DbrjfFVx.png,0.019531,normal,54e6eb22666637cec709f78744cf2ffd444b11377d6804c4ef7d158e4b0412ae
gPz42XwWbl7JVAQytYxT,6,train,images/train/class_6/gPz42XwWbl7JVAQytYxT.png,0.028376,normal,89bdf30a4f9271d31136e13aef64dbfd9167474094786e928cd3e24981dbb83a
gQYxTl9UmRDKqIMBkOV5,7,train,images/train/class_7/gQYxTl9UmRDKqIMBkOV5.png,0.99242,review,c36192cd994ec235cdb2078fc20a5902bf95823b75f5baa97ce5686696a00285
gX5Wqr9ojRFtSmYvHiPQ,3,val,images/val/class_3/gX5Wqr9ojRFtSmYvHiPQ.png,0.635556,caution,9ec91bc860d2621d6d050acfb6f32034c13bf754957cc85f3007006d52d8b17c
gZx3mKdoY91baiu7PfDU,1,test,images/test/class_1/gZx3mKdoY91baiu7PfDU.png,0.036105,normal,c2ff5119337bbe92850f7c7b69c41181ddeae12ac9ca416a75cba06921b16a10
gchAJP4keCm0fiXr1tDn,3,train,images/train/class_3/gchAJP4keCm0fiXr1tDn.png,0.637937,caution,7bd0ec23cc6a9b07e7b4dc5fc3c5e35010c814fa19113805571ed4bc8efa043f
gdoH4F675iWmYCT2OrnZ,8,train,images/train/class_8/gdoH4F675iWmYCT2OrnZ.png,0.070943,normal,e40d22771d0631eef005e3e9b016d443e8fe0d3353e17cbc9d9839afb09d4c6b
gdpCryb5PsOv4TzWcLHQ,2,train,images/train/class_2/gdpCryb5PsOv4TzWcLHQ.png,0.108398,normal,04c50bf6a661889490f0b63ea584d963c5bbdaba12dee17a201871897affbb19
gelhQLoiRE0HZTOI2fYv,7,train,images/train/class_7/gelhQLoiRE0HZTOI2fYv.png,0.99242,review,64b67a66e3077569b0069f1041c9ec8b2c2a2620b6ede8f1e204ef9e23342d04
gi5zQqk4cp7mXnHfSTbP,4,train,images/train/class_4/gi5zQqk4cp7mXnHfSTbP.png,0.569529,caution,9a836e153c4fa9ebbd30dcf995ac9a40e199ae09a7eb9481913879f728bb8f75
gnJEALKUuqpMFItHRVzy,1,train,images/train/class_1/gnJEALKUuqpMFItHRVzy.png,0.073019,normal,49f9871f57e0106c930d5b882b8d60e1c4529130de4315bb88586d15928a76e3
gnfdqj5h8rkxUDzJ4obe,1,train,images/train/class_1/gnfdqj5h8rkxUDzJ4obe.png,0.003136,review,7b55c6abf0db86c6c024bbce656d73cd539b1f9cf3b4b87f9a3c1157d258dc91
gpsAGrcBhjxJaoL7NqYT,8,train,images/train/class_8/gpsAGrcBhjxJaoL7NqYT.png,0.070943,normal,603855d836a4dc08e9912372352e8861f67674221f2829c631536bac986fba6c
grm1u5UkAvVC8obIKqi7,8,train,images/train/class_8/grm1u5UkAvVC8obIKqi7.png,0.070943,normal,fb61e537241d57fcfecf6fd9e1926c1670bfbc77c8c1336f447762e16176e381
gtoDIM0zURwQ6ZdLx1JN,8,val,images/val/class_8/gtoDIM0zURwQ6ZdLx1JN.png,0.624121,caution,45a2d2b9795ef3675a1f932a3c3e9f9c9a09475e9c52b53ce022419cd2f9cb7b
guPdKvCA0cw9iN8yzbQM,1,train,images/train/class_1/guPdKvCA0cw9iN8yzbQM.png,0.024732,normal,3543270d7abf52e7ceb0d9524985cc48bff321fb1d09bfb0950903376e890d0a
guSsk0jAbhJXcxPnHGQO,3,train,images/train/class_3/guSsk0jAbhJXcxPnHGQO.png,0.63643,caution,c19275384120de46ef3206bc5c62e8b882a89f9d2f7c2d604e1e06dde692c210
gwf3X024hVvFkxIZB9DP,6,train,images/train/class_6/gwf3X024hVvFkxIZB9DP.png,0.001245,normal,cdbb9b1aa999ff425c54964814a008e4591294095006fd7c0241655f8f2bfef7
gx5Miok2A1LDbOWNpUHn,1,val,images/val/class_1/gx5Miok2A1LDbOWNpUHn.png,0.155022,normal,7599cccb280f9b6db0627c3389fd4e8253669021820ddf206c8fb00d548eda5e
h0IeuHBPEixRnNKVyOYq,2,train,images/train/class_2/h0IeuHBPEixRnNKVyOYq.png,0.009911,normal,56b229d2245b9d54cb9b75e9d56bb9ae81dc16d1634d61838f19b045e131cf4c
h0RSAT7iEZH4lOQv3NtW,9,train,images/train/class_9/h0RSAT7iEZH4lOQv3NtW.png,0.002316,normal,395d577c8549e30d0f2e265b2b431d1ce95de79e2266bbdc14c0bc4473cee43d
h2ygf7Vv1zkIe6q5lTnZ,9,val,images/val/class_9/h2ygf7Vv1zkIe6q5lTnZ.png,0.002808,normal,421288d0d55dcfb1d1b0a8b1b6db20529138f4af656a64aec1f750839b8055bf
hFAlObnD1iHQTdgMGBY2,9,val,images/val/class_9/hFAlObnD1iHQTdgMGBY2.png,0.000319,normal,052e2ea79068b801a5023a4bd30bff878fed614cdc82409b75e6ed779130a024
hIDK0p1PAiJdL87CzG69,8,train,images/train/class_8/hIDK0p1PAiJdL87CzG69.png,0.070943,normal,8342fb04d70910db9fb6b09e66456a55cafe00d5b15ff5d7e3e430fa1eaa630b
hJUKWFN7TtXmZgqL9kM1,6,train,images/train/class_6/hJUKWFN7TtXmZgqL9kM1.png,0.360468,normal,5a6748123c95a8cb7b26f17596c0599d35d8d1d6659935dca885d8707fcb6331
hQHmEatGNbUWysPJ2TKe,8,train,images/train/class_8/hQHmEatGNbUWysPJ2TKe.png,0.070943,normal,a9bf07174a67ba7407f0b5c83b9ec95827fe40810be704c172c6875b40b5adb8
hS1lyzcapZusPmKUv34W,8,val,images/val/class_8/hS1lyzcapZusPmKUv34W.png,0.0,normal,dbc50a0d84af2bda778c1b2b3c1c7ba762f21ad9bcf44d7442e19170afa6c8f1
hSvEjCqKdFGUgplHiX3s,1,test,images/test/class_1/hSvEjCqKdFGUgplHiX3s.png,0.011115,normal,61e4664a9f0ddabaacc495ae7b5651119634589c7d7c377e6835a13564d236a2
hTvkHcPfw8pLuUA2S53z,7,test,images/test/class_7/hTvkHcPfw8pLuUA2S53z.png,0.990279,review,a90f1a164146526c5581097f6d73cc7a8d066fe2ff962df89d9d61877142eb2e
hbrnNtGHS4K8QFIy9jd5,8,val,images/val/class_8/hbrnNtGHS4K8QFIy9jd5.png,0.067446,normal,a6034d4b67aa878f8d1ccf0048d93ab222dc9b69df418e163beb445846d25a81
hmFl23Vv8AQq74sLiuIz,1,val,images/val/class_1/hmFl23Vv8AQq74sLiuIz.png,0.034148,normal,fc2131499fc928df442dc93ba5a34c8c430496e3557d40cef1f2a6c6684d921f
hnSlVLa5IfiuctNwsmOd,8,test,images/test/class_8/hnSlVLa5IfiuctNwsmOd.png,0.070943,normal,be9174bfe988c659902e60ab47cf7552cb7058cfe4bf7086a58ba3c607cb27d9
hrB8P7K0OmVQEJz2AqSD,2,train,images/train/class_2/hrB8P7K0OmVQEJz2AqSD.png,0.004362,normal,0d48f8c617894151bd64749b5962ea9e74cc7fc07588cb41ea3d2f5388827a26
hrguW0CqMt2mJdfvX8IB,5,train,images/train/class_5/hrguW0CqMt2mJdfvX8IB.png,0.838386,caution,c5eeae3b3274ae8502ed09a3914aa639e7c299dba61a3c99b11743e90a33929b
hwxS01rbZ96nIgmUPMLN,6,train,images/train/class_6/hwxS01rbZ96nIgmUPMLN.png,0.013124,normal,99bb2566c1399e57f2e532c25fa4352f7fb7a8553a259f42fcb97799ea127253
hxza7D1ItdKu3bNUXRly,9,train,images/train/class_9/hxza7D1ItdKu3bNUXRly.png,0.007796,normal,13791761cb72ec54ad57d7b28286fd31fa44f7d5716a6e36fa298d743a75ec76
hy06iTwRapYMkPnmo17u,1,val,images/val/class_1/hy06iTwRapYMkPnmo17u.png,0.013993,normal,5c28fe83d23dc770d1e30baea8fcf955a4a206da81019b8704c5980b591a7660
i0nhIRJcsq6BQCpmNVlj,7,test,images/test/class_7/i0nhIRJcsq6BQCpmNVlj.png,0.99242,review,a44f03e8a06758b0f85fbbae92e80140ccc952b2846b9f0aaf7d98857210d600
i2zSbNFKQtwAYH8n7Cfx,3,train,images/train/class_3/i2zSbNFKQtwAYH8n7Cfx.png,0.486288,normal,53c18cd8204d6f942f5c9ce6617dc889512b713b8ad88cde98f16192f287091e
i3HsbL1OXJ2qTQPY9Cto,3,test,images/test/class_3/i3HsbL1OXJ2qTQPY9Cto.png,0.655442,caution,fbdc7369802fe042763c0ff68604e83bd877887828a894f9b8be994a53cda1ef
i7CLX9fEoxgIDnrS2Kt6,6,test,images/test/class_6/i7CLX9fEoxgIDnrS2Kt6.png,0.04133,normal,dac7541fd575e0568cf3860f26ee7bb12459b9f3b1e6293032e29ff62557e558
i8WIr0dtVHSGMmwFlcUY,5,val,images/val/class_5/i8WIr0dtVHSGMmwFlcUY.png,0.648313,caution,b2c227b0846f4967c81ceb3a62855bfc8d59a8140eec73aa2eaa42a443be7923
iAFZ8be3gGIJcK9uHwEy,4,test,images/test/class_4/iAFZ8be3gGIJcK9uHwEy.png,0.527077,caution,2b337bf1452acf0f3a6207869bae3cfa813618669e0e6587455f20352652d4bd
iG2A63TItNdQ1XZyuLas,3,train,images/train/class_3/iG2A63TItNdQ1XZyuLas.png,0.635993,caution,4715a90331492af0699584c3fb38ac5e4f671727a45984b8299df54803d3e5c6
iLBzkjmPncOKs7f4FDv3,7,train,images/train/class_7/iLBzkjmPncOKs7f4FDv3.png,0.99242,review,811a206dd8acf194fee0d5eb2ef5a0ea5b423debff8fb0d4a8201e38b57ef316
iLj1Bfr4dYOp5RsoZmk8,9,train,images/train/class_9/iLj1Bfr4dYOp5RsoZmk8.png,0.007812,normal,0e9c6021d3d2f99c8f1cbc4b0a2c5ca31c49db4904fcd7a5fae3e3a70438686a
iNqCDB2ehnPTloQJyWbU,1,train,images/train/class_1/iNqCDB2ehnPTloQJyWbU.png,0.042603,normal,b8787e9d207293ab09bbe9f45aa0978c5400cb44fec8e85440f34f0c7826e148
iOgu76c1IdGrQeRDTlPw,9,train,images/train/class_9/iOgu76c1IdGrQeRDTlPw.png,0.001191,normal,c5aa2385786b4b4b26567c7893348959576a9a04f908b65a79665e7d36a9977e
iRDBIyTSNfnr93j864dc,3,train,images/train/class_3/iRDBIyTSNfnr93j864dc.png,0.636649,caution,8527a05d0cb0e8e024030378abd9f99b299d07f15b6d4a3daf9881f2a3e56682
iSDOzmncxkoV39KgPQLy,3,train,images/train/class_3/iSDOzmncxkoV39KgPQLy.png,0.655661,caution,54c49f27c313be4bb75de32413cea5dbffc48d053bb72ba5aab08479c2f2bc28
iUzHpeNq2fWxC9j6OvYK,6,train,images/train/class_6/iUzHpeNq2fWxC9j6OvYK.png,0.090538,normal,f7634434bd45c13a8e585e02ad2cd074fdaffa70322dfb71fdfe87d63f1bc23a
iXQAH6xIYeLSlCfdmWbR,7,val,images/val/class_7/iXQAH6xIYeLSlCfdmWbR.png,0.99242,review,4d85b6a53e59ed7a9fbd345f7545586d242312f8706ec4499ae708222bd93ae4
icRPzo1apvBleNOfSXq2,9,train,images/train/class_9/icRPzo1apvBleNOfSXq2.png,0.000288,normal,a763a2da2c2496a398a452607c017ac089727e4d2ddb5efe747eb0c6ba6b10fb
idNxFM4agPHCkKzbr2Zh,8,test,images/test/class_8/idNxFM4agPHCkKzbr2Zh.png,0.070943,normal,0bcfa73cb4ba68b570f4f9aaa2202be4e2fd8019a727e434897f344b70dff8d5
idQxka9c57Il1oBzjsgC,3,test,images/test/class_3/idQxka9c57Il1oBzjsgC.png,0.66178,caution,3a12526dfd4d4911b7cb26300e9c3b44527de8ad9d6b421a5674abbf825a73e8
idjesBrKybwkzPXMalUL,5,train,images/train/class_5/idjesBrKybwkzPXMalUL.png,0.885193,caution,7975287e60fdcedbca1a9989e71dd6e8769bda25c05ee3ae77abb996c514ea81
ieUqYbvXQJhLB4NDm097,3,val,images/val/class_3/ieUqYbvXQJhLB4NDm097.png,0.638374,caution,24980d99cdaa7092c543c2dc10f94f7e486ecba9b6037985600adca3ab53087d
ijsudn60LwGlgaIJYV5S,9,train,images/train/class_9/ijsudn60LwGlgaIJYV5S.png,0.002023,normal,057d15b8b55d0c0221d2ae5419ee83ce92b3f0b0d98f0d2542dfb2f98874b303
ilxt65RehXQoDvTzdFLk,1,train,images/train/class_1/ilxt65RehXQoDvTzdFLk.png,0.002525,normal,21442302374ae1f2c2738e8d685095c0d551fb3cc715d592383af0bdb98580c6
iouyxgUJX7pjI1LBTSDF,9,test,images/test/class_9/iouyxgUJX7pjI1LBTSDF.png,0.009153,normal,7b1d184ebf8eb7366b0ef04f887ef1a9ebe43b0e00b8de74a1579f07dcef9f59
iowRTFnvHWejpr4aU3b5,8,test,images/test/class_8/iowRTFnvHWejpr4aU3b5.png,0.727894,caution,2adac4fa4c6a7d6dbb65f29330c133a946a4f94ef15ca82fc46fac08e850f96a
ira26FLCvbOlw4jy1mB0,3,val,images/val/class_3/ira26FLCvbOlw4jy1mB0.png,0.66178,caution,2d60c9c6867398f16f0149753b045d65353324135eaa991f21c9086cbf7441fc
isqLdxNQRBISP20C98A4,6,test,images/test/class_6/isqLdxNQRBISP20C98A4.png,0.001336,normal,01b3bfc832f8778bc2d1a248bcef10a959d34986d8151e05592b6d06e6dca50b
ivhYSt0cMuU8bwy5zxAe,1,test,images/test/class_1/ivhYSt0cMuU8bwy5zxAe.png,0.012274,normal,c0ed6aaf0c6ae6d7f2e94c146eda1373575864e27856e7fd20c2bfd659ebdad2
ixTICoNORELUk9wlpGa0,6,train,images/train/class_6/ixTICoNORELUk9wlpGa0.png,0.029625,normal,be7ac0eb682e78c66d9503c6bb5ce3816dde357ac0365fc45a329a21dc0249c4
iympuaSrqvjfogKZcB7M,2,val,images/val/class_2/iympuaSrqvjfogKZcB7M.png,0.092402,normal,04a4c36ab543e479c03c227cd4ebde1a3aeab2a9847855871192ef20e9e9226d
j2gBF09pxTcfIPy4kwJH,4,train,images/train/class_4/j2gBF09pxTcfIPy4kwJH.png,0.47355,normal,22ddd04ebb1cbe0c12f7b521621a11004b032a0a61984dda821bf8e7da9e51c6
jCyKgqf4SF3UD1HIYJBO,8,train,images/train/class_8/jCyKgqf4SF3UD1HIYJBO.png,0.760478,caution,5ae77a5cae626ed3b552d2d2d19ce0ef76bb916222433fe954ab986df2f2f50e
jDJ2lpYeC6OLvPqWGIsa,7,train,images/train/class_7/jDJ2lpYeC6OLvPqWGIsa.png,0.991185,review,d3ca33739e5eea654705661f1477a3488ee2a3333efaf5d8dcd8a884cb12a7ac
jK9SZWNRLUAhvt8o5Ycx,8,train,images/train/class_8/jK9SZWNRLUAhvt8o5Ycx.png,0.730963,caution,c9243e55fc9fe39dc170536ba38f1d52b814106d7cd0adf159b20e152f4c8888
jKOP7rSszpF6dhNHQfua,7,val,images/val/class_7/jKOP7rSszpF6dhNHQfua.png,0.99242,review,943c4f00d524a451d27b2c1a48c995a7f4b6d9d8caf86f765d09004c9c14a06f
jNUWxT9ZE3AzQHJcflRg,8,train,images/train/class_8/jNUWxT9ZE3AzQHJcflRg.png,0.047493,normal,c0f92cea67459e2a82e9d0cdc7eaf362011dfe5300d1796a07d8f5accd8e8a4f
jOZMUJF5waGhqLQbWsYz,4,test,images/test/class_4/jOZMUJF5waGhqLQbWsYz.png,0.216037,normal,dfae727b81f994dd698ed2a6bc4f192b7d2ec1279c258d62184610e642141e15
jPwdh0NtUaR9T4MIWcuE,7,train,images/train/class_7/jPwdh0NtUaR9T4MIWcuE.png,0.994799,review,eab3d371c8e813a524035771c3bb95b02933bd05bcba409aa97f167b88c9cac1
jQFsKBUnJC8qGSx34M1f,6,test,images/test/class_6/jQFsKBUnJC8qGSx34M1f.png,0.044174,normal,dcc31272b21f58ec8d589f7e6780e821d0ba6fbcb3f569ea133be2e6dd90a702
jTgCQwsHRJMLbVrZYxe3,7,train,images/train/class_7/jTgCQwsHRJMLbVrZYxe3.png,0.001649,review,143052eb309e2f7d0fab2ebf8c647ad28a3c52c94b26f334ff219842fc740e14
jTgF9SKzb8qxdsC6NnmY,9,train,images/train/class_9/jTgF9SKzb8qxdsC6NnmY.png,0.002674,normal,7de1a9fbf5df542f3326a77c8b01a4c2b1e9c3176173a6c275f82f15d65bf7f9
jUMquAi2SlGwP5bv6tWg,3,train,images/train/class_3/jUMquAi2SlGwP5bv6tWg.png,0.636649,caution,ce71f62ea39bc7cc02c463383eb4302f6eb2f102dd81bc6bae87d615271e9e4a
jV8cSxM45pXgW7JPo6qt,4,val,images/val/class_4/jV8cSxM45pXgW7JPo6qt.png,0.447555,normal,0b3acf4c31600413c3e17baecd87ba6e9fd641b1e5fcdd73f5b851b0306c3f66
jW1wp9ARJTiFdD58l6V7,3,val,images/val/class_3/jW1wp9ARJTiFdD58l6V7.png,0.636649,caution,dd3b828d62fe8e5a540e30c826cc8e4685a2154c8cad146a41e350c30e89bbbc
jWN2deuOSfDhU4cR6XVA,7,train,images/train/class_7/jWN2deuOSfDhU4cR6XVA.png,0.991185,review,83d72e10b327d3bbadb8ea43dd269fa5447ac2defb2d1bf133fea7bf80d1702c
jbFcZuLt8zmiJQAORP0p,8,test,images/test/class_8/jbFcZuLt8zmiJQAORP0p.png,0.047493,normal,02c972896b1fd40431f1c97d5d58e38bf6e691be0c2d51da391c2de185fa0355
jmPeQlFEcqyRuVwrJTvp,7,train,images/train/class_7/jmPeQlFEcqyRuVwrJTvp.png,0.99242,review,54e1109cf203004ddd2063f45ae452cb1d07d0c59fc3abdae31ef6b5d35a4895
joxy4nGdLbYR187qJMAN,1,train,images/train/class_1/joxy4nGdLbYR187qJMAN.png,0.002617,normal,9b760299725f1a239ad8d7db1edadb619abe02918f3c0022b8a9683801570b4e
jtEkniTysxuqG6DhAX57,3,train,images/train/class_3/jtEkniTysxuqG6DhAX57.png,0.635993,caution,bd61bf6e3301b175068152780a3996cb74ea55be49104fbdb4a787c292a8a1b4
jv916D4YpO5LHJVWlCna,6,train,images/train/class_6/jv916D4YpO5LHJVWlCna.png,0.017822,normal,346f4ae5beb74f9d095f3e1ebb5815b9254a31357906c5cbcba597056dbeead3
jwSaizlJICMDZyYkH3FG,3,val,images/val/class_3/jwSaizlJICMDZyYkH3FG.png,0.635993,caution,c62da7b210afcd979e42de202452ca5606ebad30521dd69dd3f211c159f64188
jwgxPFMNGtXKTYkio0rI,9,train,images/train/class_9/jwgxPFMNGtXKTYkio0rI.png,0.000334,normal,f35e959ddc506dc5e54e2dd5c3be50665e0e353863ee61533accd1646521d727
jxgaANiB20rR4UuSveCs,8,train,images/train/class_8/jxgaANiB20rR4UuSveCs.png,0.034395,normal,bf537266a7599d05aa52cd11d65a076f345dd45cf0b062afb04f6c23440c3f16
k9xRmJIPX3h68arYZ5Hj,1,train,images/train/class_1/k9xRmJIPX3h68arYZ5Hj.png,0.002124,normal,bd66762cd68eb73489e53cf3b10ee98e75740a1deaf0c8ff158039745b4a3a76
kAtomObScfxVW1DKXUla,9,val,images/val/class_9/kAtomObScfxVW1DKXUla.png,0.001166,normal,687a0f18eca526cf5f775607db2e48901e770bcd98a3279cd123944f6c728a34
kBZbta9T1vy8PnhW7f64,2,test,images/test/class_2/kBZbta9T1vy8PnhW7f64.png,0.074911,normal,7c0bef333dbaa5afe823997ee6bdfdc389546f64d6392320f863c38104915abd
kBdDKj9W1rQPpoHmetaG,8,train,images/train/class_8/kBdDKj9W1rQPpoHmetaG.png,0.615642,caution,9eab579f95ef34dd5b8ad3dec8e03ee73dbaf06a2c1bcf713db64dd21abaf127
kFyYOLBqi72sHKA08vDm,8,train,images/train/class_8/kFyYOLBqi72sHKA08vDm.png,0.415629,normal,017a47643a0a58034c3360d8f73d932bff58a91f1db402e837533dd9c5ef3b9c
kGITL4OJxYMWEQ1bKBiP,9,val,images/val/class_9/kGITL4OJxYMWEQ1bKBiP.png,0.254135,normal,07be770850e0f4b0458e6dad51805c6a3ff7e6fb2ca52dcd097dba80e29b72b5
kJ1a9c6NoCv4DqA7Hh8R,4,train,images/train/class_4/kJ1a9c6NoCv4DqA7Hh8R.png,0.47355,normal,98dcf072018da826e50f81c606ccef06513bb5236afdfa6a1ad6e2b85b7f585e
kLaYBGOTINF3t5HvqJmA,7,train,images/train/class_7/kLaYBGOTINF3t5HvqJmA.png,0.994799,review,edffdab08f70b321a262d92279ba17fc128a004e8693e8bee3a21d0b3ec5bf3a
kMDrx5LS2P864CIwNiVs,7,train,images/train/class_7/kMDrx5LS2P864CIwNiVs.png,0.991185,review,8906107be72149cfa72215558df55ad2650730cdeef4eeeb5eb1725a5e166dc0
kN2FUugrtwA3nhWd7bBT,7,val,images/val/class_7/kN2FUugrtwA3nhWd7bBT.png,0.99242,review,caeaee354e1449bd7036f53f3322504162c91f31134e9060dea3e50c20b5a01a
kS8dLUGCRbajYvJZyDPe,4,test,images/test/class_4/kS8dLUGCRbajYvJZyDPe.png,0.394614,normal,59ebe7c68917d62fffe948190bc9e820f93314e30901709d7e020044e69d06c7
kcAwuM18pnvfbgIos570,8,train,images/train/class_8/kcAwuM18pnvfbgIos570.png,0.041504,normal,3e1c717e7f1a9fbc10aa86bfc73f34e8a24ed5ba0b9a32a7454b8af3c7757569
kczYF5vSxW3ZrilfJesd,4,train,images/train/class_4/kczYF5vSxW3ZrilfJesd.png,0.477152,normal,2ad605f32265242968ea19dedcc3b8b8abe513450d7e59dfe31c1f4fbffbed51
kg1ZDvKAN9CyWamsRIxi,2,val,images/val/class_2/kg1ZDvKAN9CyWamsRIxi.png,0.009044,normal,cd212682b6d5630c94e8edf56bd526aa8fc1720d24b7346cd49df9b782d4dc09
kl6Lw0U7WYT2biJXhP3y,4,val,images/val/class_4/kl6Lw0U7WYT2biJXhP3y.png,0.467726,normal,b28b6be5feaede2095fe674da2796a7c560d4c78b7c8a95f3f2077221471ec87
l1OdNtIKM8Gi6jowZHg3,7,train,images/train/class_7/l1OdNtIKM8Gi6jowZHg3.png,0.991185,review,e806276cac827623f6289aefeb5a36dfdf13745a3a4547c31d744512ed09e30f
lcqv9STBAX20houtQnR3,4,train,images/train/class_4/lcqv9STBAX20houtQnR3.png,0.470321,normal,cfab847cc8f2228e9ed2185ae6d1a0e13bfb2f9b13edb96a6f4f15a72b512979
lkqEXK4NrYSseRTt0Gb3,4,train,images/train/class_4/lkqEXK4NrYSseRTt0Gb3.png,0.40913,normal,ea22b7ad422fe48225695aa302776a38b9edb6b0a35197910642764e3870178f
